-- phpMyAdmin SQL Dump
-- version 5.2.1
-- https://www.phpmyadmin.net/
--
-- Host: localhost
-- Tempo de geração: 05-Jan-2026 às 23:18
-- Versão do servidor: 10.4.28-MariaDB
-- versão do PHP: 8.2.4

SET SQL_MODE = "NO_AUTO_VALUE_ON_ZERO";
START TRANSACTION;
SET time_zone = "+00:00";


/*!40101 SET @OLD_CHARACTER_SET_CLIENT=@@CHARACTER_SET_CLIENT */;
/*!40101 SET @OLD_CHARACTER_SET_RESULTS=@@CHARACTER_SET_RESULTS */;
/*!40101 SET @OLD_COLLATION_CONNECTION=@@COLLATION_CONNECTION */;
/*!40101 SET NAMES utf8mb4 */;

--
-- Banco de dados: `dbLince`
--

-- --------------------------------------------------------

--
-- Estrutura da tabela `tbAnulacao`
--

CREATE TABLE `tbAnulacao` (
  `idAnulacao` int(11) NOT NULL,
  `encomendaAnulacao` varchar(13) NOT NULL,
  `guiaFaturaAnulacao` varchar(13) DEFAULT NULL,
  `motivoAnulacao` text NOT NULL,
  `dataCriadoAnulacao` date NOT NULL,
  `criadoPorAnulacao` int(11) NOT NULL,
  `ativoAnulacao` int(11) NOT NULL DEFAULT 1,
  `estadoAnulacao` int(11) NOT NULL DEFAULT 0,
  `anuladoPorAnulacao` int(11) DEFAULT NULL,
  `anuladoEmAnulacao` date DEFAULT NULL,
  `obsAnuladorAnulacao` text DEFAULT NULL,
  `assuntoAnulacao` int(11) NOT NULL
) ENGINE=InnoDB DEFAULT CHARSET=utf8mb4 COLLATE=utf8mb4_general_ci;

-- --------------------------------------------------------

--
-- Estrutura da tabela `tbAssunto`
--

CREATE TABLE `tbAssunto` (
  `idAssunto` int(11) NOT NULL,
  `nomeAssunto` varchar(50) NOT NULL,
  `idAssuntoDepartamento` int(11) NOT NULL,
  `ativoAssunto` int(11) NOT NULL DEFAULT 1
) ENGINE=InnoDB DEFAULT CHARSET=utf8mb4 COLLATE=utf8mb4_general_ci;

--
-- Extraindo dados da tabela `tbAssunto`
--

INSERT INTO `tbAssunto` (`idAssunto`, `nomeAssunto`, `idAssuntoDepartamento`, `ativoAssunto`) VALUES
(1, 'documento', 1, 1),
(2, 'encomenda', 1, 1),
(3, 'alteração', 2, 1),
(4, 'anulação', 2, 1),
(5, 'remover artigo', 1, 1);

-- --------------------------------------------------------

--
-- Estrutura da tabela `tbAssuntoDepartamento`
--

CREATE TABLE `tbAssuntoDepartamento` (
  `idAssuntoDepartamento` int(11) NOT NULL,
  `nomeAssuntoDepartamento` varchar(50) NOT NULL,
  `ativoAssuntoDepartamento` int(11) NOT NULL DEFAULT 1
) ENGINE=InnoDB DEFAULT CHARSET=utf8mb4 COLLATE=utf8mb4_general_ci;

--
-- Extraindo dados da tabela `tbAssuntoDepartamento`
--

INSERT INTO `tbAssuntoDepartamento` (`idAssuntoDepartamento`, `nomeAssuntoDepartamento`, `ativoAssuntoDepartamento`) VALUES
(1, 'anulação', 1),
(2, 'pagamento', 1),
(3, 'stock', 1),
(4, 'pedido', 1);

-- --------------------------------------------------------

--
-- Estrutura da tabela `tbCargo`
--

CREATE TABLE `tbCargo` (
  `idCargo` int(11) NOT NULL,
  `departamentoCargo` int(11) NOT NULL,
  `nomeCargo` varchar(50) NOT NULL,
  `ativoCargo` int(11) NOT NULL DEFAULT 1
) ENGINE=InnoDB DEFAULT CHARSET=utf8mb4 COLLATE=utf8mb4_general_ci;

--
-- Extraindo dados da tabela `tbCargo`
--

INSERT INTO `tbCargo` (`idCargo`, `departamentoCargo`, `nomeCargo`, `ativoCargo`) VALUES
(1, 1, 'gerente', 1),
(2, 1, 'vendedor', 1),
(5, 2, 'auxiliar', 1),
(6, 2, 'responsavel', 1),
(7, 3, 'auxiliar', 1),
(8, 3, 'responsavel', 1),
(9, 4, 'auxiliar', 1),
(10, 4, 'responsavel', 1),
(11, 5, 'auxiliar', 1),
(12, 5, 'responsavel', 1),
(13, 6, 'auxiliar', 1),
(14, 6, 'responsavel', 1);

-- --------------------------------------------------------

--
-- Estrutura da tabela `tbClasse`
--

CREATE TABLE `tbClasse` (
  `idClasse` int(11) NOT NULL,
  `codClasse` int(11) NOT NULL,
  `nomeClasse` varchar(50) NOT NULL,
  `ativo` int(11) NOT NULL DEFAULT 1
) ENGINE=InnoDB DEFAULT CHARSET=utf8mb4 COLLATE=utf8mb4_general_ci;

--
-- Extraindo dados da tabela `tbClasse`
--

INSERT INTO `tbClasse` (`idClasse`, `codClasse`, `nomeClasse`, `ativo`) VALUES
(1, 1, 'administrador', 1),
(2, 2, 'usuário', 1),
(3, 3, 'fornecedor', 0),
(4, 4, 'recurso humano', 1),
(5, 5, 'Encomendas', 1);

-- --------------------------------------------------------

--
-- Estrutura da tabela `tbDepartamento`
--

CREATE TABLE `tbDepartamento` (
  `idDepartamento` int(11) NOT NULL,
  `nomeDepartamento` varchar(50) NOT NULL,
  `ativoDepartamento` int(11) NOT NULL DEFAULT 1
) ENGINE=InnoDB DEFAULT CHARSET=utf8mb4 COLLATE=utf8mb4_general_ci;

--
-- Extraindo dados da tabela `tbDepartamento`
--

INSERT INTO `tbDepartamento` (`idDepartamento`, `nomeDepartamento`, `ativoDepartamento`) VALUES
(1, 'loja', 1),
(2, 'armazém', 1),
(3, 'financeiro', 1),
(4, 'marketing', 1),
(5, 'pessoal', 1),
(6, 'fiscal', 1);

-- --------------------------------------------------------

--
-- Estrutura da tabela `tbEncomendas`
--

CREATE TABLE `tbEncomendas` (
  `idEncomendas` int(11) NOT NULL,
  `numeroEncomendas` varchar(13) NOT NULL
) ENGINE=InnoDB DEFAULT CHARSET=utf8mb4 COLLATE=utf8mb4_general_ci;

-- --------------------------------------------------------

--
-- Estrutura da tabela `tbFormacao`
--

CREATE TABLE `tbFormacao` (
  `idFormacao` int(11) NOT NULL,
  `codFuncionarioFormacao` int(11) NOT NULL,
  `codFormacaoNomeFormacao` int(11) NOT NULL,
  `dataFormacao` date NOT NULL,
  `tempoFormacao` time NOT NULL,
  `codLocalFormacao` int(11) NOT NULL
) ENGINE=InnoDB DEFAULT CHARSET=utf8mb4 COLLATE=utf8mb4_general_ci;

--
-- Extraindo dados da tabela `tbFormacao`
--

INSERT INTO `tbFormacao` (`idFormacao`, `codFuncionarioFormacao`, `codFormacaoNomeFormacao`, `dataFormacao`, `tempoFormacao`, `codLocalFormacao`) VALUES
(610, 623, 17, '2024-11-08', '00:30:00', 35),
(611, 821, 17, '2024-11-08', '00:30:00', 35),
(612, 898, 17, '2024-11-08', '00:30:00', 35),
(613, 47, 17, '2024-11-08', '00:30:00', 35),
(619, 882, 24, '2024-07-09', '01:00:00', 35),
(621, 840, 32, '2024-08-02', '01:00:00', 35),
(622, 882, 32, '2024-08-02', '01:00:00', 35),
(623, 744, 17, '2024-11-11', '01:00:00', 35),
(624, 882, 17, '2024-11-11', '01:00:00', 35),
(625, 913, 17, '2024-11-11', '01:00:00', 35),
(626, 387, 17, '2024-11-13', '01:00:00', 35),
(627, 723, 17, '2024-11-13', '01:00:00', 35),
(628, 747, 17, '2024-11-13', '01:00:00', 35),
(629, 852, 17, '2024-11-13', '01:00:00', 35),
(630, 908, 17, '2024-11-13', '01:00:00', 35),
(631, 38, 17, '2024-11-19', '01:00:00', 35),
(632, 872, 17, '2024-11-19', '01:00:00', 35),
(633, 907, 17, '2024-11-19', '01:00:00', 35),
(634, 4, 18, '2024-10-16', '01:15:00', 35),
(635, 554, 18, '2024-10-16', '01:15:00', 35),
(636, 744, 18, '2024-10-16', '01:15:00', 35),
(637, 840, 18, '2024-10-16', '01:15:00', 35),
(638, 882, 18, '2024-10-16', '01:15:00', 35),
(639, 591, 12, '2024-08-13', '01:20:00', 35),
(640, 676, 12, '2024-08-13', '01:20:00', 35),
(641, 849, 12, '2024-08-13', '01:20:00', 35),
(642, 883, 12, '2024-08-13', '01:20:00', 35),
(643, 532, 12, '2024-08-14', '01:20:00', 35),
(644, 445, 12, '2024-09-10', '01:20:00', 35),
(645, 554, 12, '2024-09-10', '01:20:00', 35),
(646, 372, 21, '2021-07-23', '01:30:00', 35),
(647, 414, 21, '2021-07-23', '01:30:00', 35),
(648, 496, 21, '2021-07-23', '01:30:00', 35),
(649, 297, 12, '2021-08-17', '01:30:00', 35),
(650, 440, 12, '2021-08-17', '01:30:00', 35),
(651, 585, 12, '2021-08-17', '01:30:00', 35),
(652, 801, 29, '2024-03-09', '01:30:00', 35),
(653, 798, 29, '2024-03-09', '01:30:00', 35),
(654, 387, 12, '2024-08-07', '01:30:00', 35),
(655, 747, 12, '2024-08-07', '01:30:00', 35),
(656, 852, 12, '2024-08-07', '01:30:00', 35),
(657, 376, 12, '2024-08-13', '01:30:00', 35),
(658, 577, 12, '2024-08-20', '01:30:00', 35),
(659, 648, 12, '2024-08-20', '01:30:00', 35),
(660, 661, 12, '2024-08-20', '01:30:00', 35),
(661, 726, 12, '2024-08-20', '01:30:00', 35),
(662, 70, 12, '2024-08-21', '01:30:00', 35),
(663, 651, 12, '2024-08-21', '01:30:00', 35),
(664, 652, 12, '2024-08-21', '01:30:00', 35),
(665, 684, 12, '2024-08-21', '01:30:00', 35),
(666, 41, 12, '2024-08-27', '01:30:00', 35),
(667, 73, 12, '2024-08-27', '01:30:00', 35),
(668, 475, 12, '2024-08-27', '01:30:00', 35),
(669, 502, 12, '2024-08-27', '01:30:00', 35),
(670, 510, 12, '2024-08-28', '01:30:00', 35),
(671, 549, 12, '2024-08-28', '01:30:00', 35),
(672, 790, 12, '2024-08-28', '01:30:00', 35),
(673, 818, 12, '2024-08-28', '01:30:00', 35),
(674, 869, 12, '2024-08-28', '01:30:00', 35),
(675, 40, 12, '2024-08-29', '01:30:00', 35),
(676, 795, 12, '2024-08-29', '01:30:00', 35),
(677, 905, 12, '2024-08-29', '01:30:00', 31),
(678, 855, 12, '2024-09-11', '01:30:00', 34),
(679, 857, 12, '2024-09-11', '01:30:00', 34),
(680, 858, 12, '2024-09-11', '01:30:00', 34),
(681, 865, 12, '2024-09-11', '01:30:00', 34),
(682, 921, 12, '2024-09-11', '01:30:00', 34),
(683, 922, 12, '2024-09-11', '01:30:00', 34),
(684, 32, 12, '2024-09-12', '01:30:00', 34),
(685, 325, 12, '2024-09-12', '01:30:00', 34),
(686, 391, 12, '2024-09-12', '01:30:00', 34),
(687, 807, 12, '2024-09-12', '01:30:00', 34),
(688, 904, 12, '2024-09-12', '01:30:00', 34),
(689, 510, 13, '2024-10-18', '01:30:00', 34),
(690, 818, 13, '2024-10-18', '01:30:00', 34),
(691, 869, 13, '2024-10-18', '01:30:00', 34),
(692, 945, 13, '2024-10-18', '01:30:00', 34),
(693, 609, 15, '2024-10-25', '01:30:00', 34),
(694, 821, 15, '2024-10-25', '01:30:00', 34),
(695, 898, 15, '2024-10-25', '01:30:00', 34),
(696, 916, 15, '2024-10-25', '01:30:00', 34),
(697, 623, 16, '2024-11-13', '01:30:00', 34),
(698, 821, 16, '2024-11-13', '01:30:00', 34),
(699, 916, 16, '2024-11-13', '01:30:00', 34),
(700, 47, 16, '2024-11-13', '01:30:00', 34),
(701, 592, 17, '2024-11-14', '01:30:00', 34),
(702, 708, 17, '2024-11-14', '01:30:00', 34),
(703, 711, 17, '2024-11-14', '01:30:00', 34),
(704, 950, 17, '2024-11-14', '01:30:00', 34),
(705, 962, 18, '2025-02-24', '01:30:00', 34),
(706, 963, 18, '2025-02-24', '01:30:00', 34),
(707, 915, 17, '2024-09-26', '01:35:00', 34),
(708, 887, 17, '2024-09-26', '01:35:00', 34),
(709, 776, 17, '2024-09-26', '01:35:00', 34),
(710, 881, 17, '2024-09-26', '01:35:00', 34),
(711, 920, 17, '2024-09-26', '01:35:00', 34),
(712, 738, 12, '2024-08-14', '01:40:00', 34),
(713, 881, 12, '2024-08-14', '01:40:00', 34),
(714, 887, 12, '2024-08-14', '01:40:00', 34),
(715, 38, 12, '2024-08-21', '01:40:00', 34),
(716, 683, 12, '2024-08-21', '01:40:00', 34),
(717, 714, 12, '2024-08-21', '01:40:00', 34),
(718, 872, 12, '2024-08-21', '01:40:00', 34),
(719, 962, 30, '2025-01-24', '02:00:00', 34),
(720, 963, 30, '2025-01-24', '02:00:00', 34),
(721, 114, 2, '2021-05-04', '02:00:00', 34),
(722, 31, 10, '2024-08-05', '02:00:00', 34),
(723, 445, 10, '2024-08-05', '02:00:00', 34),
(724, 550, 10, '2024-08-05', '02:00:00', 34),
(725, 744, 12, '2024-08-07', '02:00:00', 34),
(726, 840, 12, '2024-08-07', '02:00:00', 34),
(727, 456, 12, '2024-08-20', '02:00:00', 34),
(728, 473, 12, '2024-08-20', '02:00:00', 34),
(729, 517, 12, '2024-08-20', '02:00:00', 34),
(730, 624, 12, '2024-08-20', '02:00:00', 34),
(731, 4, 12, '2024-08-22', '02:00:00', 34),
(732, 708, 12, '2024-08-22', '02:00:00', 34),
(733, 709, 12, '2024-08-22', '02:00:00', 34),
(734, 711, 12, '2024-08-22', '02:00:00', 34),
(735, 737, 12, '2024-09-10', '02:00:00', 31),
(736, 741, 12, '2024-09-10', '02:00:00', 31),
(737, 742, 12, '2024-09-10', '02:00:00', 31),
(738, 863, 12, '2024-09-10', '02:00:00', 31),
(739, 864, 12, '2024-09-10', '02:00:00', 31),
(740, 737, 28, '2024-09-24', '02:00:00', 31),
(741, 742, 28, '2024-09-24', '02:00:00', 31),
(742, 810, 28, '2024-09-24', '02:00:00', 1),
(743, 863, 28, '2024-09-24', '02:00:00', 1),
(744, 864, 28, '2024-09-24', '02:00:00', 1),
(745, 386, 13, '2024-10-11', '02:00:00', 33),
(746, 569, 13, '2024-10-11', '02:00:00', 20),
(747, 826, 13, '2024-10-11', '02:00:00', 20),
(748, 909, 13, '2024-10-11', '02:00:00', 20),
(749, 910, 13, '2024-10-11', '02:00:00', 20),
(750, 912, 13, '2024-10-11', '02:00:00', 20),
(751, 247, 13, '2024-10-11', '02:00:00', 32),
(752, 146, 13, '2024-10-16', '02:00:00', 32),
(753, 213, 13, '2024-10-16', '02:00:00', 32),
(754, 493, 13, '2024-10-16', '02:00:00', 32),
(755, 832, 13, '2024-10-16', '02:00:00', 1),
(756, 412, 13, '2024-10-21', '02:00:00', 1),
(757, 795, 13, '2024-10-21', '02:00:00', 1),
(758, 905, 13, '2024-10-21', '02:00:00', 1),
(759, 937, 13, '2024-10-21', '02:00:00', 1),
(760, 940, 13, '2024-10-21', '02:00:00', 6),
(761, 402, 12, '2024-10-22', '02:00:00', 1),
(762, 436, 12, '2024-10-22', '02:00:00', 1),
(763, 593, 12, '2024-10-22', '02:00:00', 1),
(764, 938, 12, '2024-10-22', '02:00:00', 1),
(765, 402, 13, '2024-10-22', '02:00:00', 30),
(766, 436, 13, '2024-10-22', '02:00:00', 30),
(767, 593, 13, '2024-10-22', '02:00:00', 30),
(768, 938, 13, '2024-10-22', '02:00:00', 10),
(769, 799, 12, '2024-10-22', '02:00:00', 10),
(770, 237, 12, '2024-10-23', '02:00:00', 29),
(771, 247, 12, '2024-10-23', '02:00:00', 29),
(772, 702, 12, '2024-10-23', '02:00:00', 29),
(773, 734, 12, '2024-10-23', '02:00:00', 29),
(774, 823, 12, '2024-10-23', '02:00:00', 29),
(775, 550, 12, '2024-10-23', '02:00:00', 29),
(776, 605, 12, '2024-10-23', '02:00:00', 29),
(777, 733, 12, '2024-10-23', '02:00:00', 29),
(778, 778, 12, '2024-10-23', '02:00:00', 29),
(779, 934, 12, '2024-10-23', '02:00:00', 29),
(780, 603, 13, '2024-10-23', '02:00:00', 29),
(781, 616, 13, '2024-10-23', '02:00:00', 20),
(782, 678, 13, '2024-10-23', '02:00:00', 28),
(783, 799, 13, '2024-10-23', '02:00:00', 28),
(784, 609, 12, '2024-10-24', '02:00:00', 28),
(785, 623, 12, '2024-10-24', '02:00:00', 28),
(786, 821, 12, '2024-10-24', '02:00:00', 28),
(787, 898, 12, '2024-10-24', '02:00:00', 19),
(788, 916, 12, '2024-10-24', '02:00:00', 19),
(789, 550, 31, '2024-10-25', '02:00:00', 28),
(790, 605, 31, '2024-10-25', '02:00:00', 28),
(791, 733, 31, '2024-10-25', '02:00:00', 28),
(792, 934, 31, '2024-10-25', '02:00:00', 28),
(793, 603, 18, '2024-10-28', '02:00:00', 19),
(794, 616, 18, '2024-10-28', '02:00:00', 19),
(795, 678, 18, '2024-10-28', '02:00:00', 28),
(796, 799, 18, '2024-10-28', '02:00:00', 28),
(797, 899, 18, '2024-11-12', '02:00:00', 28),
(798, 915, 18, '2024-11-12', '02:00:00', 28),
(799, 920, 18, '2024-11-12', '02:00:00', 28),
(800, 887, 18, '2024-11-12', '02:00:00', 28),
(801, 899, 18, '2024-11-12', '02:00:00', 28),
(802, 738, 18, '2024-11-12', '02:00:00', 19),
(803, 881, 18, '2024-11-12', '02:00:00', 19),
(804, 915, 18, '2024-11-12', '02:00:00', 27),
(805, 792, 18, '2024-11-12', '02:00:00', 27),
(806, 920, 18, '2024-11-12', '02:00:00', 27),
(807, 603, 17, '2024-11-25', '02:00:00', 27),
(808, 616, 17, '2024-11-25', '02:00:00', 1),
(809, 678, 17, '2024-11-25', '02:00:00', 1),
(810, 693, 17, '2024-11-25', '02:00:00', 1),
(811, 799, 17, '2024-11-25', '02:00:00', 1),
(812, 952, 17, '2024-11-25', '02:00:00', 1),
(813, 738, 19, '2024-12-09', '02:00:00', 1),
(814, 792, 19, '2024-12-09', '02:00:00', 26),
(815, 776, 19, '2024-12-09', '02:00:00', 26),
(816, 881, 19, '2024-12-09', '02:00:00', 26),
(817, 887, 19, '2024-12-09', '02:00:00', 26),
(818, 915, 19, '2024-12-09', '02:00:00', 26),
(819, 920, 19, '2024-12-09', '02:00:00', 19),
(820, 550, 25, '2025-02-05', '02:30:00', 19),
(821, 605, 25, '2025-02-05', '02:30:00', 19),
(822, 666, 25, '2025-02-05', '02:30:00', 19),
(823, 778, 25, '2025-02-05', '02:30:00', 28),
(824, 733, 25, '2025-02-05', '02:30:00', 28),
(825, 934, 25, '2025-02-05', '02:30:00', 19),
(826, 510, 27, '2025-02-28', '02:30:00', 19),
(827, 790, 27, '2025-02-28', '02:30:00', 19),
(828, 818, 27, '2025-02-28', '02:30:00', 25),
(829, 869, 27, '2025-02-28', '02:30:00', 25),
(830, 966, 27, '2025-02-28', '02:30:00', 25),
(831, 742, 27, '2025-04-11', '02:30:00', 25),
(832, 737, 27, '2025-04-11', '02:30:00', 1),
(833, 810, 27, '2025-04-11', '02:30:00', 1),
(834, 741, 27, '2025-04-11', '02:30:00', 1),
(835, 325, 27, '2025-04-11', '02:30:00', 1),
(836, 979, 27, '2025-04-11', '02:30:00', 24),
(837, 32, 27, '2025-04-11', '02:30:00', 24),
(838, 587, 27, '2025-04-11', '02:30:00', 24),
(839, 904, 27, '2025-04-11', '02:30:00', 24),
(840, 776, 15, '2024-10-03', '03:00:00', 10),
(841, 920, 15, '2024-10-03', '03:00:00', 10),
(842, 881, 15, '2024-10-03', '03:00:00', 10),
(843, 887, 15, '2024-10-03', '03:00:00', 10),
(844, 899, 15, '2024-10-03', '03:00:00', 23),
(845, 609, 23, '2025-02-06', '03:00:00', 23),
(846, 702, 23, '2025-02-06', '03:00:00', 23),
(847, 823, 23, '2025-02-06', '03:00:00', 23),
(848, 315, 23, '2025-02-06', '03:00:00', 1),
(849, 962, 15, '2025-02-28', '03:00:00', 18),
(850, 963, 15, '2025-02-28', '03:00:00', 23),
(851, 603, 15, '2025-02-28', '03:00:00', 23),
(852, 678, 15, '2025-02-28', '03:00:00', 23),
(853, 799, 15, '2025-02-28', '03:00:00', 23),
(854, 952, 15, '2025-02-28', '03:00:00', 1),
(855, 738, 11, '2025-03-20', '03:00:00', 1),
(856, 315, 11, '2025-04-14', '03:00:00', 1),
(857, 821, 11, '2025-04-14', '03:00:00', 1),
(858, 916, 11, '2025-04-14', '03:00:00', 1),
(859, 554, 11, '2025-04-14', '03:00:00', 1),
(860, 381, 11, '2025-04-14', '03:00:00', 1),
(861, 694, 11, '2025-04-14', '03:00:00', 1),
(862, 235, 11, '2025-04-14', '03:00:00', 1),
(863, 473, 11, '2025-04-14', '03:00:00', 1),
(864, 64, 11, '2025-04-14', '03:00:00', 1),
(865, 404, 11, '2025-04-14', '03:00:00', 1),
(866, 591, 11, '2025-04-14', '03:00:00', 29),
(867, 959, 11, '2025-04-15', '03:00:00', 1),
(868, 652, 11, '2025-04-15', '03:00:00', 1),
(869, 684, 11, '2025-04-15', '03:00:00', 1),
(870, 505, 11, '2025-04-15', '03:00:00', 1),
(871, 901, 11, '2025-04-15', '03:00:00', 1),
(872, 374, 11, '2025-04-15', '03:00:00', 1),
(873, 972, 11, '2025-04-15', '03:00:00', 1),
(874, 517, 11, '2025-04-15', '03:00:00', 1),
(875, 738, 11, '2025-04-15', '03:00:00', 1),
(876, 34, 11, '2025-04-15', '03:00:00', 1),
(877, 932, 11, '2025-04-15', '03:00:00', 1),
(878, 716, 11, '2025-04-15', '03:00:00', 1),
(879, 529, 11, '2025-04-15', '03:00:00', 18),
(880, 475, 11, '2025-04-15', '03:00:00', 32),
(881, 677, 11, '2025-04-16', '03:00:00', 1),
(882, 755, 11, '2025-04-16', '03:00:00', 1),
(883, 900, 11, '2025-04-16', '03:00:00', 1),
(884, 892, 11, '2025-04-16', '03:00:00', 22),
(885, 923, 11, '2025-04-16', '03:00:00', 22),
(886, 991, 11, '2025-04-16', '03:00:00', 22),
(887, 795, 11, '2025-04-16', '03:00:00', 22),
(888, 673, 11, '2025-04-16', '03:00:00', 22),
(889, 493, 11, '2025-04-16', '03:00:00', 22),
(890, 937, 11, '2025-04-16', '03:00:00', 22),
(891, 940, 11, '2025-04-16', '03:00:00', 1),
(892, 228, 11, '2025-04-16', '03:00:00', 1),
(893, 832, 11, '2025-04-16', '03:00:00', 9),
(894, 71, 11, '2025-04-16', '03:00:00', 9),
(895, 213, 11, '2025-04-16', '03:00:00', 21),
(896, 881, 11, '2025-04-22', '03:00:00', 21),
(897, 757, 11, '2025-04-22', '03:00:00', 21),
(898, 852, 11, '2025-04-22', '03:00:00', 21),
(899, 244, 11, '2025-04-22', '03:00:00', 1),
(900, 689, 11, '2025-04-22', '03:00:00', 1),
(901, 31, 11, '2025-04-22', '03:00:00', 1),
(902, 913, 11, '2025-04-22', '03:00:00', 20),
(903, 930, 11, '2025-04-22', '03:00:00', 20),
(904, 393, 11, '2025-04-22', '03:00:00', 20),
(905, 693, 11, '2025-04-22', '03:00:00', 20),
(906, 799, 11, '2025-04-22', '03:00:00', 20),
(907, 952, 11, '2025-04-22', '03:00:00', 20),
(908, 537, 11, '2025-04-22', '03:00:00', 20),
(909, 593, 11, '2025-04-22', '03:00:00', 20),
(910, 726, 11, '2025-04-23', '03:00:00', 20),
(911, 577, 11, '2025-04-23', '03:00:00', 20),
(912, 866, 11, '2025-04-23', '03:00:00', 20),
(913, 648, 11, '2025-04-23', '03:00:00', 20),
(914, 872, 11, '2025-04-23', '03:00:00', 20),
(915, 907, 11, '2025-04-23', '03:00:00', 20),
(916, 432, 11, '2025-04-23', '03:00:00', 20),
(917, 623, 11, '2025-04-14', '03:00:00', 20),
(918, 40, 9, '2023-03-01', '04:00:00', 20),
(919, 47, 9, '2023-03-01', '04:00:00', 20),
(920, 66, 9, '2023-03-01', '04:00:00', 20),
(921, 167, 9, '2023-03-01', '04:00:00', 19),
(922, 213, 9, '2023-03-01', '04:00:00', 19),
(923, 228, 9, '2023-03-01', '04:00:00', 19),
(924, 288, 9, '2023-03-01', '04:00:00', 19),
(925, 399, 9, '2023-03-01', '04:00:00', 18),
(926, 407, 9, '2023-03-01', '04:00:00', 18),
(927, 460, 9, '2023-03-01', '04:00:00', 18),
(928, 616, 9, '2023-03-01', '04:00:00', 18),
(929, 550, 9, '2023-03-01', '04:00:00', 18),
(930, 41, 9, '2023-03-05', '04:00:00', 18),
(931, 288, 9, '2023-03-05', '04:00:00', 18),
(932, 38, 9, '2023-03-07', '04:00:00', 18),
(933, 64, 9, '2023-03-07', '04:00:00', 18),
(934, 70, 9, '2023-03-07', '04:00:00', 18),
(935, 99, 9, '2023-03-07', '04:00:00', 18),
(936, 190, 9, '2023-03-07', '04:00:00', 18),
(937, 235, 9, '2023-03-07', '04:00:00', 18),
(938, 301, 9, '2023-03-07', '04:00:00', 18),
(939, 376, 9, '2023-03-07', '04:00:00', 1),
(940, 456, 9, '2023-03-07', '04:00:00', 1),
(941, 149, 9, '2023-03-07', '04:00:00', 1),
(942, 63, 9, '2023-03-07', '04:00:00', 1),
(943, 30, 9, '2023-03-07', '04:00:00', 1),
(944, 31, 9, '2023-03-07', '04:00:00', 17),
(945, 259, 9, '2023-03-07', '04:00:00', 17),
(946, 328, 9, '2023-03-07', '04:00:00', 17),
(947, 927, 6, '2024-11-08', '04:00:00', 17),
(948, 929, 6, '2024-11-08', '04:00:00', 17),
(949, 37, 6, '2024-11-08', '04:00:00', 17),
(950, 894, 6, '2024-11-08', '04:00:00', 17),
(951, 887, 6, '2024-11-08', '04:00:00', 17),
(952, 776, 6, '2024-11-08', '04:00:00', 17),
(953, 881, 6, '2024-11-08', '04:00:00', 10),
(954, 792, 6, '2024-11-08', '04:00:00', 10),
(955, 738, 6, '2024-11-08', '04:00:00', 17),
(956, 899, 6, '2024-11-08', '04:00:00', 17),
(957, 328, 6, '2024-11-11', '04:00:00', 17),
(958, 873, 6, '2024-11-11', '04:00:00', 17),
(959, 930, 6, '2024-11-11', '04:00:00', 17),
(960, 235, 6, '2024-11-12', '04:00:00', 17),
(961, 591, 6, '2024-11-12', '04:00:00', 1),
(962, 883, 6, '2024-11-12', '04:00:00', 10),
(963, 849, 6, '2024-11-12', '04:00:00', 10),
(964, 871, 6, '2024-11-12', '04:00:00', 10),
(965, 376, 6, '2024-11-12', '04:00:00', 1),
(966, 227, 6, '2024-11-12', '04:00:00', 9),
(967, 738, 3, '2024-11-20', '04:00:00', 9),
(968, 593, 3, '2024-12-12', '04:00:00', 9),
(969, 537, 3, '2024-12-12', '04:00:00', 20),
(970, 436, 3, '2024-12-12', '04:00:00', 20),
(971, 85, 3, '2024-12-12', '04:00:00', 20),
(972, 603, 3, '2024-12-12', '04:00:00', 20),
(973, 678, 3, '2024-12-12', '04:00:00', 20),
(974, 40, 3, '2024-12-12', '04:00:00', 16),
(975, 677, 22, '2025-02-19', '04:00:00', 16),
(976, 853, 22, '2025-02-19', '04:00:00', 12),
(977, 855, 22, '2025-02-19', '04:00:00', 12),
(978, 857, 22, '2025-02-19', '04:00:00', 16),
(979, 896, 22, '2025-02-19', '04:00:00', 16),
(980, 923, 22, '2025-02-19', '04:00:00', 15),
(981, 953, 22, '2025-02-19', '04:00:00', 15),
(982, 768, 22, '2025-02-19', '04:00:00', 15),
(983, 407, 11, '2025-03-11', '04:00:00', 15),
(984, 702, 11, '2025-03-11', '04:00:00', 15),
(985, 315, 11, '2025-03-11', '04:00:00', 15),
(986, 585, 11, '2025-03-12', '04:00:00', 15),
(987, 41, 11, '2025-03-12', '04:00:00', 15),
(988, 73, 11, '2025-03-12', '04:00:00', 15),
(989, 550, 11, '2025-03-12', '04:00:00', 1),
(990, 778, 11, '2025-03-12', '04:00:00', 15),
(991, 733, 11, '2025-03-12', '04:00:00', 15),
(992, 981, 11, '2025-03-12', '04:00:00', 15),
(993, 510, 11, '2025-03-13', '04:00:00', 15),
(994, 40, 11, '2025-03-13', '04:00:00', 15),
(995, 660, 11, '2025-03-13', '04:00:00', 7),
(996, 910, 11, '2025-03-13', '04:00:00', 10),
(997, 962, 11, '2025-03-14', '04:00:00', 10),
(998, 963, 11, '2025-03-14', '04:00:00', 12),
(999, 968, 11, '2025-03-14', '04:00:00', 12),
(1000, 727, 11, '2025-03-14', '04:00:00', 12),
(1001, 678, 11, '2025-03-14', '04:00:00', 12),
(1002, 603, 11, '2025-03-14', '04:00:00', 12),
(1003, 751, 11, '2025-03-18', '04:00:00', 12),
(1004, 753, 11, '2025-03-18', '04:00:00', 12),
(1005, 928, 11, '2025-03-18', '04:00:00', 12),
(1006, 853, 11, '2025-03-18', '04:00:00', 12),
(1007, 865, 11, '2025-03-18', '04:00:00', 29),
(1008, 896, 11, '2025-03-18', '04:00:00', 29),
(1009, 922, 11, '2025-03-18', '04:00:00', 12),
(1010, 768, 11, '2025-03-18', '04:00:00', 12),
(1011, 788, 11, '2025-03-18', '04:00:00', 12),
(1012, 970, 11, '2025-03-18', '04:00:00', 12),
(1013, 715, 11, '2025-03-19', '04:00:00', 12),
(1014, 405, 11, '2025-03-19', '04:00:00', 12),
(1015, 65, 11, '2025-03-19', '04:00:00', 12),
(1016, 388, 11, '2025-03-19', '04:00:00', 12),
(1017, 589, 11, '2025-03-19', '04:00:00', 12),
(1018, 32, 11, '2025-03-19', '04:00:00', 12),
(1019, 391, 11, '2025-03-19', '04:00:00', 14),
(1020, 587, 11, '2025-03-19', '04:00:00', 14),
(1021, 904, 11, '2025-03-19', '04:00:00', 14),
(1022, 933, 11, '2025-03-19', '04:00:00', 14),
(1023, 723, 11, '2025-03-20', '04:00:00', 14),
(1024, 883, 11, '2025-03-20', '04:00:00', 14),
(1025, 70, 11, '2025-03-20', '04:00:00', 14),
(1026, 651, 11, '2025-03-20', '04:00:00', 14),
(1027, 592, 11, '2025-03-20', '04:00:00', 14),
(1028, 711, 11, '2025-03-20', '04:00:00', 14),
(1029, 85, 11, '2025-03-20', '04:00:00', 1),
(1030, 776, 11, '2025-03-20', '04:00:00', 1),
(1031, 887, 11, '2025-03-20', '04:00:00', 1),
(1032, 317, 11, '2025-03-20', '04:00:00', 1),
(1033, 851, 11, '2025-03-20', '04:00:00', 13),
(1034, 873, 11, '2025-03-20', '04:00:00', 13),
(1035, 661, 11, '2025-03-20', '04:00:00', 13),
(1036, 38, 11, '2025-03-20', '04:00:00', 13),
(1037, 683, 11, '2025-03-20', '04:00:00', 13),
(1038, 227, 11, '2025-03-20', '04:00:00', 13),
(1039, 445, 11, '2025-03-21', '04:00:00', 13),
(1040, 931, 11, '2025-03-21', '04:00:00', 1),
(1041, 37, 11, '2025-03-21', '04:00:00', 1),
(1042, 792, 11, '2025-03-21', '04:00:00', 1),
(1043, 744, 11, '2025-03-21', '04:00:00', 1),
(1044, 863, 11, '2025-03-21', '04:00:00', 11),
(1045, 747, 11, '2025-03-21', '04:00:00', 11),
(1046, 666, 11, '2025-04-14', '04:00:00', 11),
(1047, 934, 11, '2025-04-14', '04:00:00', 11),
(1048, 605, 11, '2025-04-14', '04:00:00', 11),
(1049, 603, 12, '2024-10-22', '04:00:00', 11),
(1050, 678, 12, '2024-10-22', '04:00:00', 11),
(1051, 616, 12, '2024-10-22', '04:00:00', 11),
(1052, 882, 11, '2025-03-21', '04:00:00', 1),
(1053, 532, 3, '2025-01-09', '06:00:00', 1),
(1054, 727, 3, '2025-01-09', '06:00:00', 1),
(1055, 865, 3, '2025-01-09', '06:00:00', 9),
(1056, 923, 3, '2025-01-09', '06:00:00', 9),
(1057, 953, 3, '2025-01-09', '06:00:00', 9),
(1058, 768, 3, '2025-01-30', '06:00:00', 9),
(1059, 572, 4, '2022-03-28', '07:00:00', 9),
(1060, 676, 3, '2024-11-20', '07:00:00', 1),
(1061, 397, 3, '2024-11-20', '07:00:00', 1),
(1062, 890, 3, '2024-11-20', '07:00:00', 9),
(1063, 37, 3, '2024-11-20', '07:00:00', 9),
(1064, 592, 3, '2024-11-20', '07:00:00', 9),
(1065, 554, 3, '2024-11-20', '07:00:00', 9),
(1066, 744, 3, '2024-11-20', '07:00:00', 9),
(1067, 882, 3, '2024-11-20', '07:00:00', 6),
(1068, 325, 3, '2024-11-20', '07:00:00', 6),
(1069, 585, 3, '2024-12-26', '07:00:00', 6),
(1070, 41, 3, '2024-12-26', '07:00:00', 10),
(1071, 73, 3, '2024-12-26', '07:00:00', 8),
(1072, 550, 3, '2024-12-26', '07:00:00', 8),
(1073, 605, 3, '2024-12-26', '07:00:00', 8),
(1074, 549, 3, '2024-12-26', '07:00:00', 8),
(1075, 376, 3, '2024-12-26', '07:00:00', 8),
(1076, 532, 20, '2025-04-23', '07:00:00', 8),
(1077, 473, 20, '2025-04-23', '07:00:00', 8),
(1078, 213, 20, '2025-04-23', '07:00:00', 8),
(1079, 751, 20, '2025-04-23', '07:00:00', 29),
(1080, 572, 4, '2022-03-29', '07:00:00', 1),
(1081, 572, 4, '2022-03-30', '07:00:00', 1),
(1082, 572, 4, '2022-03-31', '07:00:00', 7),
(1083, 572, 4, '2022-04-01', '07:00:00', 1),
(1084, 30, 1, '2021-05-18', '08:00:00', 7),
(1085, 38, 1, '2021-05-18', '08:00:00', 7),
(1086, 63, 1, '2021-05-18', '08:00:00', 7),
(1087, 64, 1, '2021-05-18', '08:00:00', 7),
(1088, 74, 1, '2021-05-18', '08:00:00', 7),
(1089, 149, 1, '2021-05-18', '08:00:00', 7),
(1090, 235, 1, '2021-05-18', '08:00:00', 7),
(1091, 241, 1, '2021-05-18', '08:00:00', 2),
(1092, 270, 1, '2021-05-18', '08:00:00', 1),
(1093, 301, 1, '2021-05-18', '08:00:00', 7),
(1094, 327, 1, '2021-05-18', '08:00:00', 7),
(1095, 4, 1, '2021-05-20', '08:00:00', 20),
(1096, 40, 1, '2021-05-20', '08:00:00', 20),
(1097, 41, 1, '2021-05-20', '08:00:00', 20),
(1098, 66, 1, '2021-05-20', '08:00:00', 20),
(1099, 108, 1, '2021-05-20', '08:00:00', 20),
(1100, 213, 1, '2021-05-20', '08:00:00', 1),
(1101, 226, 1, '2021-05-20', '08:00:00', 1),
(1102, 228, 1, '2021-05-20', '08:00:00', 1),
(1103, 288, 1, '2021-05-20', '08:00:00', 1),
(1104, 294, 1, '2021-05-20', '08:00:00', 1),
(1105, 315, 1, '2021-05-20', '08:00:00', 1),
(1106, 407, 1, '2021-05-20', '08:00:00', 1),
(1107, 460, 1, '2021-05-20', '08:00:00', 1),
(1108, 6, 5, '2021-06-18', '08:00:00', 1),
(1109, 22, 5, '2021-06-18', '08:00:00', 19),
(1110, 4, 5, '2021-06-18', '08:00:00', 19),
(1111, 30, 5, '2021-06-18', '08:00:00', 19),
(1112, 38, 5, '2021-06-18', '08:00:00', 19),
(1113, 63, 5, '2021-06-18', '08:00:00', 19),
(1114, 64, 5, '2021-06-18', '08:00:00', 14),
(1115, 149, 5, '2021-06-18', '08:00:00', 14),
(1116, 235, 5, '2021-06-18', '08:00:00', 14),
(1117, 241, 5, '2021-06-18', '08:00:00', 14),
(1118, 270, 5, '2021-06-18', '08:00:00', 13),
(1119, 301, 5, '2021-06-18', '08:00:00', 13),
(1120, 327, 5, '2021-06-18', '08:00:00', 13),
(1121, 2, 3, '2021-06-29', '08:00:00', 13),
(1122, 34, 3, '2021-06-29', '08:00:00', 13),
(1123, 45, 3, '2021-06-29', '08:00:00', 13),
(1124, 47, 3, '2021-06-29', '08:00:00', 13),
(1125, 86, 3, '2021-06-29', '08:00:00', 1),
(1126, 111, 3, '2021-06-29', '08:00:00', 1),
(1127, 117, 3, '2021-06-29', '08:00:00', 1),
(1128, 127, 3, '2021-06-29', '08:00:00', 1),
(1129, 183, 3, '2021-06-29', '08:00:00', 1),
(1130, 226, 3, '2021-06-29', '08:00:00', 1),
(1131, 247, 3, '2021-06-29', '08:00:00', 1),
(1132, 336, 3, '2021-06-29', '08:00:00', 1),
(1133, 47, 7, '2021-07-26', '08:00:00', 1),
(1134, 110, 7, '2021-07-26', '08:00:00', 1),
(1135, 226, 7, '2021-07-26', '08:00:00', 1),
(1136, 247, 7, '2021-07-26', '08:00:00', 1),
(1137, 442, 7, '2021-07-26', '08:00:00', 1),
(1138, 455, 7, '2021-07-26', '08:00:00', 1),
(1139, 73, 3, '2022-12-06', '08:00:00', 1),
(1140, 247, 3, '2022-12-06', '08:00:00', 1),
(1141, 297, 3, '2022-12-06', '08:00:00', 1),
(1142, 315, 3, '2022-12-06', '08:00:00', 1),
(1143, 366, 3, '2022-12-06', '08:00:00', 1),
(1144, 392, 3, '2022-12-06', '08:00:00', 1),
(1145, 407, 3, '2022-12-06', '08:00:00', 1),
(1146, 412, 3, '2022-12-06', '08:00:00', 1),
(1147, 501, 3, '2022-12-06', '08:00:00', 1),
(1148, 532, 3, '2022-12-06', '08:00:00', 1),
(1149, 585, 3, '2022-12-06', '08:00:00', 10),
(1150, 603, 3, '2022-12-06', '08:00:00', 22),
(1151, 626, 3, '2022-12-06', '08:00:00', 22),
(1152, 65, 3, '2022-12-07', '08:00:00', 22),
(1153, 70, 3, '2022-12-07', '08:00:00', 22),
(1154, 85, 3, '2022-12-07', '08:00:00', 22),
(1155, 244, 3, '2022-12-07', '08:00:00', 22),
(1156, 253, 3, '2022-12-07', '08:00:00', 22),
(1157, 325, 3, '2022-12-07', '08:00:00', 22),
(1158, 404, 3, '2022-12-07', '08:00:00', 22),
(1159, 387, 3, '2022-12-07', '08:00:00', 22),
(1160, 427, 3, '2022-12-07', '08:00:00', 9),
(1161, 445, 3, '2022-12-07', '08:00:00', 9),
(1162, 456, 3, '2022-12-07', '08:00:00', 9),
(1163, 574, 3, '2022-12-07', '08:00:00', 9),
(1164, 649, 3, '2022-12-07', '08:00:00', 9),
(1165, 715, 3, '2022-12-07', '08:00:00', 12),
(1166, 37, 3, '2022-12-07', '08:00:00', 12),
(1167, 40, 8, '2023-06-25', '08:00:00', 12),
(1168, 41, 8, '2023-06-25', '08:00:00', 12),
(1169, 108, 8, '2023-06-25', '08:00:00', 12),
(1170, 167, 8, '2023-06-25', '08:00:00', 12),
(1171, 213, 8, '2023-06-25', '08:00:00', 17),
(1172, 228, 8, '2023-06-25', '08:00:00', 17),
(1173, 242, 8, '2023-06-25', '08:00:00', 17),
(1174, 288, 8, '2023-06-25', '08:00:00', 35),
(1175, 315, 8, '2023-06-25', '08:00:00', 35),
(1176, 407, 8, '2023-06-25', '08:00:00', 28),
(1177, 460, 8, '2023-06-25', '08:00:00', 1),
(1178, 407, 14, '2024-10-16', '08:00:00', 1),
(1179, 609, 14, '2024-10-16', '08:00:00', 1),
(1180, 247, 14, '2024-10-16', '08:00:00', 1),
(1181, 823, 14, '2024-10-16', '08:00:00', 1),
(1182, 315, 14, '2024-10-16', '08:00:00', 1),
(1183, 823, 33, '2024-10-19', '08:00:00', 1),
(1184, 407, 3, '2024-10-30', '08:00:00', 1),
(1185, 609, 3, '2024-10-30', '08:00:00', 1),
(1186, 247, 3, '2024-10-30', '08:00:00', 1),
(1187, 823, 3, '2024-10-30', '08:00:00', 1),
(1188, 315, 3, '2024-10-30', '08:00:00', 1),
(1189, 31, 3, '2025-01-23', '08:00:00', 1),
(1190, 445, 3, '2025-01-23', '08:00:00', 1),
(1191, 473, 3, '2025-01-23', '08:00:00', 1),
(1192, 715, 3, '2025-01-23', '08:00:00', 1),
(1193, 405, 3, '2025-01-23', '08:00:00', 1),
(1194, 65, 3, '2025-01-23', '08:00:00', 1),
(1195, 741, 3, '2025-01-23', '08:00:00', 1),
(1196, 863, 3, '2025-01-23', '08:00:00', 1),
(1197, 651, 3, '2025-02-06', '08:00:00', 1),
(1198, 70, 3, '2025-02-06', '08:00:00', 1),
(1199, 899, 3, '2025-02-06', '08:00:00', 1),
(1200, 64, 3, '2025-02-06', '08:00:00', 1),
(1201, 661, 3, '2025-02-06', '08:00:00', 1),
(1202, 882, 3, '2025-02-06', '08:00:00', 1),
(1203, 38, 3, '2025-02-06', '08:00:00', 12),
(1204, 683, 3, '2025-02-06', '08:00:00', 12),
(1205, 235, 3, '2025-02-06', '08:00:00', 12),
(1206, 852, 3, '2025-02-06', '08:00:00', 1),
(1207, 85, 20, '2025-02-20', '08:00:00', 1),
(1208, 190, 20, '2025-02-20', '08:00:00', 1),
(1209, 228, 20, '2025-02-20', '08:00:00', 1),
(1210, 247, 20, '2025-02-20', '08:00:00', 1),
(1211, 31, 20, '2025-02-25', '08:00:00', 1),
(1212, 899, 20, '2025-02-25', '08:00:00', 22),
(1213, 550, 20, '2025-02-25', '08:00:00', 22),
(1214, 510, 20, '2025-02-25', '08:00:00', 22),
(1215, 863, 20, '2025-02-25', '08:00:00', 22),
(1216, 40, 20, '2025-02-25', '08:00:00', 22),
(1217, 6, 1, '2021-05-18', '08:00:00', 22),
(1218, 2, 0, '2025-08-25', '01:50:00', 0),
(1219, 2, 13, '2025-08-27', '01:00:00', 11),
(1220, 2, 13, '2025-08-27', '01:00:00', 11),
(1221, 2, 13, '2025-08-27', '11:00:00', 11),
(1222, 2, 13, '2025-09-02', '02:00:00', 12),
(1223, 2, 16, '2025-08-19', '02:00:00', 11),
(1224, 2, 13, '2025-08-12', '02:03:00', 12),
(1225, 2, 13, '2025-08-27', '02:22:00', 12),
(1226, 2, 13, '2025-08-19', '02:02:00', 12),
(1227, 2, 16, '2025-08-27', '02:02:00', 12),
(1228, 2, 16, '2025-08-19', '02:02:00', 12),
(1229, 2, 16, '2025-08-27', '02:02:00', 12),
(1230, 2, 24, '2025-08-26', '02:02:00', 12),
(1231, 2, 24, '2025-08-28', '02:02:00', 11),
(1232, 2, 16, '2025-08-19', '23:02:00', 11),
(1233, 2, 13, '2025-08-19', '23:03:00', 13),
(1234, 11, 24, '2025-08-13', '11:11:00', 11),
(1235, 11, 24, '2025-08-19', '22:22:00', 14),
(1236, 2, 13, '2025-09-18', '99:00:00', 12);

-- --------------------------------------------------------

--
-- Estrutura da tabela `tbFormacaoLocal`
--

CREATE TABLE `tbFormacaoLocal` (
  `idFormacaoLocal` int(11) NOT NULL,
  `nomeFormacaoLocal` varchar(150) NOT NULL,
  `ativoFormacaoLocal` int(11) NOT NULL DEFAULT 1
) ENGINE=InnoDB DEFAULT CHARSET=utf8mb4 COLLATE=utf8mb4_general_ci;

--
-- Extraindo dados da tabela `tbFormacaoLocal`
--

INSERT INTO `tbFormacaoLocal` (`idFormacaoLocal`, `nomeFormacaoLocal`, `ativoFormacaoLocal`) VALUES
(4, 'dsdsd', 1),
(5, 'ffsf', 1),
(7, 'jhj', 1),
(8, 'maia1', 1),
(9, 'fsfsdf', 1);

-- --------------------------------------------------------

--
-- Estrutura da tabela `tbFormacaoNome`
--

CREATE TABLE `tbFormacaoNome` (
  `idFormacaoNome` int(11) NOT NULL,
  `nomeFormacaoNome` varchar(200) NOT NULL,
  `ativoFormacaoNome` int(11) NOT NULL DEFAULT 1
) ENGINE=InnoDB DEFAULT CHARSET=utf8mb4 COLLATE=utf8mb4_general_ci;

--
-- Extraindo dados da tabela `tbFormacaoNome`
--

INSERT INTO `tbFormacaoNome` (`idFormacaoNome`, `nomeFormacaoNome`, `ativoFormacaoNome`) VALUES
(1, 'Atualizações anuais empresa-Gerentes Lojas', 1),
(2, 'Plataforma A', 1),
(3, 'Formação de ERP', 1),
(4, 'CAM', 1),
(5, 'Formação A/B', 1),
(6, 'Suporte Básico de Vida-SBV', 1),
(7, 'A/B - Logística', 1),
(8, 'A/B', 1),
(9, 'Ferramentas da Qualidade e Procedimentos', 1),
(10, 'Protec(Impermeabilização+Higienização)', 1),
(11, 'Formação B', 1),
(12, 'Sofás', 1),
(13, 'Credito', 1),
(14, 'Reclamações Pós-Venda', 1),
(15, 'Conforto', 1),
(16, 'Crédito Clássico', 1),
(17, 'Crédito A', 1),
(18, 'Pikolimpo', 1),
(19, 'Two', 1),
(20, 'Gestão de Incidências', 1),
(21, 'Mola Tecnologia', 1),
(22, 'Formação Conforto', 1),
(23, 'Formação Descanso', 1),
(24, 'Codito Pay', 1),
(25, 'Formação Colchoaria', 1),
(26, 'Gestão de Incidências', 1),
(27, 'Tempur+Sealy', 1),
(28, 'Premium Clean', 1),
(29, 'Tacógrafos e Camião', 1),
(30, 'Colchões', 30),
(31, 'Sofás B', 31),
(32, 'Técnicas de Vendas', 32),
(33, 'Procedimentos de Loja', 33);

-- --------------------------------------------------------

--
-- Estrutura da tabela `tbFornecedor`
--

CREATE TABLE `tbFornecedor` (
  `idFornecedor` int(11) NOT NULL,
  `nomeFornecedor` varchar(100) NOT NULL,
  `siteFornecedor` varchar(150) NOT NULL,
  `emailFornecedor` varchar(150) NOT NULL,
  `idCriadorFornecedor` int(11) NOT NULL,
  `dataCriacaoFornecedor` date NOT NULL,
  `ativoFornecedor` int(11) NOT NULL DEFAULT 1
) ENGINE=InnoDB DEFAULT CHARSET=utf8mb4 COLLATE=utf8mb4_general_ci;

--
-- Extraindo dados da tabela `tbFornecedor`
--

INSERT INTO `tbFornecedor` (`idFornecedor`, `nomeFornecedor`, `siteFornecedor`, `emailFornecedor`, `idCriadorFornecedor`, `dataCriacaoFornecedor`, `ativoFornecedor`) VALUES
(1, 'Empresa 1', '', 'henryckgarcia@gmail.com', 1, '2025-05-26', 1);

-- --------------------------------------------------------

--
-- Estrutura da tabela `tbFuncionario`
--

CREATE TABLE `tbFuncionario` (
  `idFuncionario` int(11) NOT NULL,
  `codFuncionarioFuncionario` int(11) NOT NULL,
  `nomeFuncionario` varchar(150) NOT NULL,
  `lojaFuncionario` int(11) DEFAULT NULL
) ENGINE=InnoDB DEFAULT CHARSET=utf8mb4 COLLATE=utf8mb4_general_ci;

--
-- Extraindo dados da tabela `tbFuncionario`
--

INSERT INTO `tbFuncionario` (`idFuncionario`, `codFuncionarioFuncionario`, `nomeFuncionario`, `lojaFuncionario`) VALUES
(1, 108, 'Andreia', 2),
(2, 110, 'David', 19),
(3, 111, 'Luís', NULL),
(4, 114, 'Catarina', NULL),
(5, 117, 'Beatriz', NULL),
(6, 127, 'Ana', NULL),
(7, 146, 'Pedro', NULL),
(8, 149, 'Manuel', NULL),
(9, 167, 'Paulo', NULL),
(10, 183, 'Joaquim ', NULL),
(11, 190, 'Ismael', NULL),
(12, 213, 'Carla', NULL),
(13, 226, 'Vítor', NULL),
(14, 227, 'João', NULL),
(15, 228, 'Rafael', NULL),
(16, 235, 'Azenha', NULL),
(17, 237, 'Santos', NULL),
(18, 241, 'Rúben', NULL),
(19, 242, 'Pedro', NULL),
(20, 244, 'Sonia', NULL),
(21, 247, 'Carlos', NULL),
(22, 253, 'Mónica', NULL),
(23, 259, 'Fausto', NULL),
(24, 270, 'Vitorino', NULL),
(25, 288, 'Fábio', NULL),
(26, 294, 'Rafael', NULL),
(27, 297, 'Miguel', NULL),
(28, 299, 'Carlos', NULL),
(29, 301, 'Ricardo', NULL),
(30, 315, 'Soraia', NULL),
(31, 317, 'André', NULL),
(32, 325, 'David', NULL),
(33, 327, 'Daniel', NULL),
(34, 328, 'Maria Alice', NULL),
(35, 336, 'Adérito', NULL),
(36, 366, 'Fernanda', NULL),
(37, 372, 'Bruno', NULL),
(38, 376, 'Pereira', NULL),
(39, 386, ' Dinis', NULL),
(40, 387, 'Sobral', NULL),
(41, 388, 'Ferraz', NULL),
(42, 391, 'Silva', NULL),
(43, 392, 'Santos', NULL),
(44, 397, 'Soares', NULL),
(45, 399, 'Almeida', NULL),
(46, 402, 'Formigo', NULL),
(47, 404, 'Pereira', NULL),
(48, 405, 'Marques', NULL),
(49, 407, 'Candeias', NULL),
(50, 412, 'Margarido', NULL),
(51, 414, 'Duarte', NULL),
(52, 427, 'Tatiana', NULL),
(53, 436, 'Félix', NULL),
(54, 440, 'Nafiza', NULL),
(55, 442, 'Pedro', NULL),
(56, 445, 'Maximiana', NULL),
(57, 455, 'Jorge', NULL),
(58, 456, 'Marina', NULL),
(59, 460, 'Hugo', NULL),
(60, 473, 'Pedro', NULL),
(61, 475, 'Inês', NULL),
(62, 493, 'João', NULL),
(63, 496, 'Pedro', NULL),
(64, 501, 'Sara', NULL),
(65, 502, 'João', NULL),
(66, 510, 'Carina', NULL),
(67, 517, 'João', NULL),
(68, 532, 'Ivo', NULL),
(69, 537, 'João', NULL),
(70, 549, 'Ricardo', NULL),
(71, 550, 'Miguel', NULL),
(72, 554, 'Sérgio', NULL),
(73, 569, 'Catarina', NULL),
(74, 572, 'Hélder', NULL),
(75, 574, 'Marta', NULL),
(76, 577, 'João', NULL),
(77, 583, 'João ', NULL),
(78, 585, 'Andreia ', NULL),
(79, 587, 'Bruno', NULL),
(80, 589, 'Cátia', NULL),
(81, 591, 'Caio ', NULL),
(82, 592, 'Andreia', NULL),
(83, 593, 'Diogo ', NULL),
(84, 603, 'Mónica ', NULL),
(85, 605, 'Fábio', NULL),
(86, 609, 'Miguel', NULL),
(87, 616, 'Paulo', NULL),
(88, 623, 'Mariya', NULL),
(89, 624, 'Ana Rita', NULL),
(90, 626, 'Ana', NULL),
(91, 648, 'Ondina', NULL),
(92, 649, 'Soraya', NULL),
(93, 651, 'Helena', NULL),
(94, 652, 'Ângela', NULL),
(95, 660, 'Ruben', NULL),
(96, 661, 'Gisela', NULL),
(97, 666, 'Paulo', NULL),
(98, 676, 'Tomás ', NULL),
(99, 677, 'Vinicius', NULL),
(100, 678, 'Daniel ', NULL),
(101, 683, 'Diogo', NULL),
(102, 684, 'Estevão', NULL),
(103, 693, 'Miguel', NULL),
(104, 702, 'Érica', NULL),
(105, 708, 'Nathaly ', NULL),
(106, 709, 'Mario', NULL),
(107, 711, 'Bruno', NULL),
(108, 714, 'Marco', NULL),
(109, 715, 'Manuel', NULL),
(110, 723, 'Marisa', NULL),
(111, 726, 'Helena', NULL),
(112, 733, 'Ricardo', NULL),
(113, 734, 'Beatriz', NULL),
(114, 737, 'Pedro', NULL),
(115, 738, 'Telma', NULL),
(116, 741, 'Filipa ', NULL),
(117, 742, 'Andreia', NULL),
(118, 744, 'Luís', NULL),
(119, 747, 'Inês ', NULL),
(120, 751, 'Susana', NULL),
(121, 753, 'Helena', NULL),
(122, 768, 'Paula', NULL),
(123, 776, 'Rui', NULL),
(124, 778, 'Dina', NULL),
(125, 788, 'Paulo', NULL),
(126, 790, 'Rosângela', NULL),
(127, 792, 'Miguel', NULL),
(128, 795, 'Carla', NULL),
(129, 799, 'Sandro', NULL),
(130, 807, 'Daniel', NULL),
(131, 810, 'Diogo', NULL),
(132, 818, 'Aires', NULL),
(133, 821, 'Rúben', NULL),
(134, 823, 'Tiago', NULL),
(135, 826, 'Pedro', NULL),
(136, 832, 'Diogo', NULL),
(137, 840, 'António', NULL),
(138, 849, 'André', NULL),
(139, 851, 'Venícioas', NULL),
(140, 852, 'Fernanda ', NULL),
(141, 853, 'Catarina', NULL),
(142, 855, 'Elsa ', NULL),
(143, 857, 'Margarida', NULL),
(144, 858, 'Nicole ', NULL),
(145, 863, 'Hugo', NULL),
(146, 864, 'Cátia', NULL),
(147, 865, 'Filipa', NULL),
(148, 869, 'Ricardo', NULL),
(149, 871, 'Alain', NULL),
(150, 872, 'Rejane', NULL),
(151, 873, 'Elisabete', NULL),
(152, 877, 'Miguel', NULL),
(153, 881, 'Joel', NULL),
(154, 882, 'Rosinda', NULL),
(155, 883, 'Marco', NULL),
(156, 887, 'Cláudia', NULL),
(157, 888, 'Cláudia', NULL),
(158, 890, 'Nuno ', NULL),
(159, 894, 'Zita', NULL),
(160, 896, 'Hugo', NULL),
(161, 898, 'Rúben', NULL),
(162, 899, 'Rui', NULL),
(163, 904, 'Soraia', NULL),
(164, 905, 'Leandro', NULL),
(165, 907, 'André ', NULL),
(166, 908, 'Rebecca', NULL),
(167, 909, 'Ivo', NULL),
(168, 910, 'Eduardo', NULL),
(169, 912, 'Admilson', NULL),
(170, 913, 'Cátia', NULL),
(171, 915, 'Hélder', NULL),
(172, 916, 'Inês', NULL),
(173, 920, 'João Pedro', NULL),
(174, 921, 'André', NULL),
(175, 922, 'Tamara', NULL),
(176, 923, 'Tiago', NULL),
(177, 927, 'Carina', NULL),
(178, 928, 'Miguel ', NULL),
(179, 929, 'Filipa', NULL),
(180, 930, 'João', NULL),
(181, 931, 'Filipe', NULL),
(182, 933, 'Tiago', NULL),
(183, 934, 'Sabrina', NULL),
(184, 937, 'Marjana', NULL),
(185, 938, 'João', NULL),
(186, 940, 'Rosana', NULL),
(187, 945, 'Neuza', NULL),
(188, 950, 'Gustavo', NULL),
(189, 952, 'Ludovic ', NULL),
(190, 953, 'André', NULL),
(191, 962, 'João', NULL),
(192, 963, 'Vera', NULL),
(193, 966, 'Alison', NULL),
(194, 970, 'Nuno', NULL),
(195, 981, 'Joana', NULL),
(196, 2, 'Dany', NULL),
(197, 4, 'João', NULL),
(198, 6, 'André ', NULL),
(199, 22, 'Sérgio', NULL),
(200, 28, 'João', NULL),
(201, 30, 'Paulo', NULL),
(202, 31, 'Mário', NULL),
(203, 32, 'Conceição', NULL),
(204, 34, 'Daniel', NULL),
(205, 37, 'Bruno', NULL),
(206, 38, 'Bruno', NULL),
(207, 40, 'Paulo', NULL),
(208, 41, 'Carlos', NULL),
(209, 45, 'Sérgio', NULL),
(210, 47, 'Ricardo', NULL),
(211, 63, 'João André', NULL),
(212, 64, 'Paulo', NULL),
(213, 65, 'José', NULL),
(214, 66, 'Humberto', NULL),
(215, 70, 'Mariana', NULL),
(216, 71, 'Jorge', NULL),
(217, 73, 'Ricardo', NULL),
(218, 74, 'Hélder', NULL),
(219, 77, 'Manuel', NULL),
(220, 85, 'Paulo', NULL),
(221, 86, 'Fábio', NULL),
(222, 99, 'Rui', NULL),
(223, 213, 'Carla', NULL),
(224, 228, 'Rafael', NULL),
(225, 235, 'Rui', NULL),
(226, 244, 'Sónia ', NULL),
(227, 315, 'Soraia', NULL),
(228, 325, 'David', NULL),
(229, 374, 'Sandra', NULL),
(230, 381, 'Alina', NULL),
(231, 393, 'Pablo', NULL),
(232, 404, 'Ana', NULL),
(233, 432, 'Joana', NULL),
(234, 473, 'José Pedro', NULL),
(235, 475, 'Inês', NULL),
(236, 493, 'João', NULL),
(237, 505, 'Maria', NULL),
(238, 517, 'João', NULL),
(239, 529, 'Daniela', NULL),
(240, 532, 'Ivo', NULL),
(241, 537, 'João ', NULL),
(242, 554, 'Sérgio ', NULL),
(243, 577, 'João', NULL),
(244, 587, 'Bruno', NULL),
(245, 591, 'Caio', NULL),
(246, 593, 'Diogo', NULL),
(247, 603, 'Mónica', NULL),
(248, 605, 'Fábio', NULL),
(249, 616, 'Paulo', NULL),
(250, 623, 'Mariya', NULL),
(251, 648, 'Ondina', NULL),
(252, 652, 'Ângela', NULL),
(253, 666, 'Paulo', NULL),
(254, 673, 'Jéssica', NULL),
(255, 677, 'Vinicius', NULL),
(256, 678, 'Daniel', NULL),
(257, 684, 'Estevão', NULL),
(258, 689, 'Henrique', NULL),
(259, 693, 'Miguel', NULL),
(260, 694, 'Kathya', NULL),
(261, 716, 'António', NULL),
(262, 726, 'Helena', NULL),
(263, 727, 'Kristina', NULL),
(264, 737, 'Pedro', NULL),
(265, 738, 'Telma', NULL),
(266, 741, 'Filipa', NULL),
(267, 742, 'Andreia', NULL),
(268, 751, 'Susana', NULL),
(269, 755, 'Celso', NULL),
(270, 757, 'Bárbara', NULL),
(271, 776, 'Rui', NULL),
(272, 792, 'Miguel', NULL),
(273, 795, 'Carla', NULL),
(274, 798, 'Arnor Anjo', NULL),
(275, 799, 'Sandro', NULL),
(276, 801, 'Fernando', NULL),
(277, 810, 'Diogo', NULL),
(278, 821, 'Rúben', NULL),
(279, 832, 'Diogo', NULL),
(280, 852, 'Fernanda', NULL),
(281, 866, 'Dulce', NULL),
(282, 872, 'Rejane', NULL),
(283, 880, 'Joel', NULL),
(284, 887, 'Cláudia', NULL),
(285, 892, 'Vítor', NULL),
(286, 899, 'Rui', NULL),
(287, 900, 'Maria', NULL),
(288, 901, 'Ana', NULL),
(289, 904, 'Soraia', NULL),
(290, 907, 'André', NULL),
(291, 913, 'Cátia', NULL),
(292, 915, 'Hélder', NULL),
(293, 916, 'Inês', NULL),
(294, 920, 'João Pedro', NULL),
(295, 923, 'Tiago', NULL),
(296, 930, 'João', NULL),
(297, 932, 'Diogo', NULL),
(298, 934, 'Sabrina', NULL),
(299, 937, 'Marjana', NULL),
(300, 940, 'Rosana', NULL),
(301, 952, 'Ludovic ', NULL),
(302, 959, 'João', NULL),
(303, 962, 'João', NULL),
(304, 963, 'Vera', NULL),
(305, 968, 'Ricardo', NULL),
(306, 972, 'Marco', NULL),
(307, 979, 'Lionel', NULL),
(308, 991, 'Hugo', NULL),
(309, 11, 'novo', NULL);

-- --------------------------------------------------------

--
-- Estrutura da tabela `tbLojas`
--

CREATE TABLE `tbLojas` (
  `idLoja` int(11) NOT NULL,
  `nomeLoja` varchar(50) NOT NULL,
  `ativoLoja` int(11) NOT NULL DEFAULT 1,
  `estabelecimentoLoja` int(11) NOT NULL DEFAULT 0,
  `horaInicioLoja` time DEFAULT '00:00:00',
  `horaFimLoja` time DEFAULT '00:00:00'
) ENGINE=InnoDB DEFAULT CHARSET=utf8mb4 COLLATE=utf8mb4_general_ci;

--
-- Extraindo dados da tabela `tbLojas`
--

INSERT INTO `tbLojas` (`idLoja`, `nomeLoja`, `ativoLoja`, `estabelecimentoLoja`, `horaInicioLoja`, `horaFimLoja`) VALUES
(1, 'Loja 1', 1, 0, '00:00:00', '00:00:00'),
(2, 'Loja 2', 1, 0, '00:00:00', '00:00:00'),
(3, 'Loja 3', 0, 1, '00:00:00', '00:00:00'),
(4, 'Loja 4', 1, 1, '00:00:00', '00:00:00'),
(5, 'Loja 5', 1, 1, '00:00:00', '00:00:00'),
(6, 'Loja 6', 1, 1, '00:00:00', '00:00:00'),
(7, 'Loja 7', 1, 1, '00:00:00', '00:00:00'),
(8, 'Loja 8', 1, 1, '00:00:00', '00:00:00'),
(9, 'Loja 9', 1, 1, '00:00:00', '00:00:00'),
(10, 'Loja 10', 1, 1, '00:00:00', '00:00:00'),
(11, 'Loja 11', 1, 1, '00:00:00', '00:00:00'),
(12, 'Loja 12', 1, 1, '00:00:00', '00:00:00'),
(13, 'Loja 13', 1, 1, '00:00:00', '00:00:00'),
(14, 'Loja 14', 1, 1, '00:00:00', '00:00:00'),
(15, 'Loja 15', 1, 1, '00:00:00', '00:00:00'),
(16, 'Loja 16', 1, 1, '00:00:00', '00:00:00'),
(17, 'Loja 17', 1, 1, '00:00:00', '00:00:00'),
(18, 'Loja 18', 1, 1, '00:00:00', '00:00:00'),
(19, 'Loja 19', 1, 1, '00:00:00', '00:00:00'),
(20, 'Loja 20', 1, 1, '00:00:00', '00:00:00'),
(21, 'Loja 21', 1, 1, '00:00:00', '00:00:00'),
(22, 'Loja 22', 1, 1, '00:00:00', '00:00:00'),
(23, 'Loja 23', 1, 1, '00:00:00', '00:00:00'),
(24, 'Loja 24', 1, 1, '00:00:00', '00:00:00'),
(25, 'Loja 25', 1, 1, '00:00:00', '00:00:00'),
(26, 'Loja 26', 1, 1, '00:00:00', '00:00:00'),
(27, 'Loja 27', 1, 1, '00:00:00', '00:00:00'),
(28, 'Loja 28', 1, 1, '00:00:00', '00:00:00'),
(29, 'Loja 29', 1, 1, '00:00:00', '00:00:00'),
(30, 'Loja 30', 1, 1, '00:00:00', '00:00:00'),
(31, 'Loja 31', 1, 1, '00:00:00', '00:00:00'),
(32, 'Loja 32', 1, 1, '00:00:00', '00:00:00'),
(33, 'Loja 33', 1, 1, '00:00:00', '00:00:00'),
(34, 'Loja 34', 1, 1, '00:00:00', '00:00:00'),
(35, 'Loja 35', 1, 1, '00:00:00', '00:00:00');

-- --------------------------------------------------------

--
-- Estrutura da tabela `tbModulo`
--

CREATE TABLE `tbModulo` (
  `idModulo` int(11) NOT NULL,
  `nomeModulo` varchar(150) NOT NULL,
  `nomeAbreviadoModulo` varchar(50) NOT NULL,
  `departamentoModulo` int(11) NOT NULL,
  `idSubModuloModulo` varchar(100) DEFAULT NULL,
  `ativoModulo` int(11) NOT NULL DEFAULT 1
) ENGINE=InnoDB DEFAULT CHARSET=utf8mb4 COLLATE=utf8mb4_general_ci;

--
-- Extraindo dados da tabela `tbModulo`
--

INSERT INTO `tbModulo` (`idModulo`, `nomeModulo`, `nomeAbreviadoModulo`, `departamentoModulo`, `idSubModuloModulo`, `ativoModulo`) VALUES
(1, 'moduloSofa.php', 'sofa', 1, '13,15,2,3,4,7,9,12,11,10', 1),
(2, 'moduloCama.php', 'cama', 2, '13,15,2,9,12,11,10', 1),
(3, 'moduloMesaCentro.php', 'mesa de centro', 1, '13,15,****,2,8,9,12,11,10', 1),
(4, 'moduloConsola.php', 'consola', 1, '13,15,2,8,9,12,11,10', 1),
(5, 'moduloBaseTV.php', 'base de tv', 1, '13,15,****,2,8,9,12,11,10', 1),
(6, 'moduloCadeira.php', 'cadeira', 1, '13,15,****,2,7,9,12,11,10', 1),
(7, 'moduloMesaCabeceira.php', 'mesa de cabeceira', 2, '13,15,****,2,8,9,12,11,10', 1),
(8, 'moduloComodaCamiseiro.php', 'comoda / camiseiro', 2, '13,15,****,2,8,9,12,11,10', 1),
(9, 'moduloRoupeiro.php', 'roupeiro', 2, '13,15,****,1,2,8,9,12,11,10', 1),
(10, 'moduloToucador.php', 'toucador', 2, '13,15,2,8,9,12,11,10', 1),
(11, 'moduloTela.php', 'tela', 4, '13,15,****,9,11,10', 1),
(12, 'moduloRelogio.php', 'relogio', 4, '13,15,****,9,11,10', 1),
(13, 'moduloCarpete.php', 'carpete', 4, '13,15,****,9,11,10', 1),
(14, 'moduloColchao.php', 'colchao', 2, '13,15,****,9,11,10', 1),
(15, 'moduloEstrado.php', 'estrado', 2, '13,15,****,9,11,10', 1),
(16, 'moduloMaquinaLavar.php', 'maquina de lavar', 5, '13,15,****,6,9,11,10', 1),
(17, 'moduloTelevisor.php', 'televisor', 5, '13,15,****,9,11,10', 1),
(18, 'moduloMicroOnda.php', 'micro-onda', 5, '13,15,****,5,6,9,11,10', 1),
(19, 'moduloAspirador.php', 'aspirador', 5, '13,15,****,5,9,11,10', 1),
(20, 'moduloOutro.php', 'outro', 6, '13,15,9,11,10', 1),
(21, 'moduloAparadorVitrine.php', 'aparador / vitrine', 1, '13,15,****,1,2,8,9,12,11,10', 1),
(22, 'moduloFrigorifico.php', 'frigorifico', 5, '13,15,****,5,6,9,11,10', 1),
(23, 'moduloMesaJantarCozinha.php', 'Mesa Jantar / Cozinha', 1, '13,15,****,9,11,10', 1);

-- --------------------------------------------------------

--
-- Estrutura da tabela `tbMostrarBaseMesa`
--

CREATE TABLE `tbMostrarBaseMesa` (
  `idMostrarBaseMesa` int(11) NOT NULL,
  `nomeMostrarBaseMesa` varchar(50) NOT NULL,
  `ativoMostrarBaseMesa` int(11) NOT NULL DEFAULT 1
) ENGINE=InnoDB DEFAULT CHARSET=utf8mb4 COLLATE=utf8mb4_general_ci;

--
-- Extraindo dados da tabela `tbMostrarBaseMesa`
--

INSERT INTO `tbMostrarBaseMesa` (`idMostrarBaseMesa`, `nomeMostrarBaseMesa`, `ativoMostrarBaseMesa`) VALUES
(1, 'madeira', 1),
(2, 'ferro / aço', 1),
(3, 'plastico', 1);

-- --------------------------------------------------------

--
-- Estrutura da tabela `tbMostrarDepartamento`
--

CREATE TABLE `tbMostrarDepartamento` (
  `idMostrarDepartamento` int(11) NOT NULL,
  `nomeMostrarDepartamento` varchar(50) NOT NULL,
  `ativoMostrarDepartamento` int(11) NOT NULL DEFAULT 1
) ENGINE=InnoDB DEFAULT CHARSET=utf8mb4 COLLATE=utf8mb4_general_ci;

--
-- Extraindo dados da tabela `tbMostrarDepartamento`
--

INSERT INTO `tbMostrarDepartamento` (`idMostrarDepartamento`, `nomeMostrarDepartamento`, `ativoMostrarDepartamento`) VALUES
(1, 'sala / cozinha', 1),
(2, 'quarto', 1),
(3, 'exterior', 0),
(4, 'decoracao', 1),
(5, 'eletrico / eletronico', 1),
(6, 'outros', 1);

-- --------------------------------------------------------

--
-- Estrutura da tabela `tbMostrarEstruturaMovel`
--

CREATE TABLE `tbMostrarEstruturaMovel` (
  `idMostrarEstruturaMovel` int(11) NOT NULL,
  `nomeMostrarEstruturaMovel` varchar(50) NOT NULL,
  `ativoMostrarEstruturaMovel` int(11) NOT NULL DEFAULT 1
) ENGINE=InnoDB DEFAULT CHARSET=utf8mb4 COLLATE=utf8mb4_general_ci;

--
-- Extraindo dados da tabela `tbMostrarEstruturaMovel`
--

INSERT INTO `tbMostrarEstruturaMovel` (`idMostrarEstruturaMovel`, `nomeMostrarEstruturaMovel`, `ativoMostrarEstruturaMovel`) VALUES
(1, 'madeira / ferro / aço', 1),
(2, 'madeira', 1),
(3, 'ferro', 1),
(4, 'aço', 1),
(5, 'plastico', 1),
(6, 'outros', 1);

-- --------------------------------------------------------

--
-- Estrutura da tabela `tbMostrarPe`
--

CREATE TABLE `tbMostrarPe` (
  `idMostrarPe` int(11) NOT NULL,
  `nomeMostrarPe` varchar(50) NOT NULL,
  `ativoMostrarPe` int(11) NOT NULL DEFAULT 1
) ENGINE=InnoDB DEFAULT CHARSET=utf8mb4 COLLATE=utf8mb4_general_ci;

--
-- Extraindo dados da tabela `tbMostrarPe`
--

INSERT INTO `tbMostrarPe` (`idMostrarPe`, `nomeMostrarPe`, `ativoMostrarPe`) VALUES
(1, 'plastico', 1),
(2, 'madeira', 1),
(3, 'aço/metal', 1),
(4, 'outros', 1);

-- --------------------------------------------------------

--
-- Estrutura da tabela `tbMostrarPorta`
--

CREATE TABLE `tbMostrarPorta` (
  `idMostrarPorta` int(11) NOT NULL,
  `nomeMostrarPorta` varchar(50) NOT NULL,
  `ativoMostrarPorta` int(11) NOT NULL DEFAULT 1
) ENGINE=InnoDB DEFAULT CHARSET=utf8mb4 COLLATE=utf8mb4_general_ci;

--
-- Extraindo dados da tabela `tbMostrarPorta`
--

INSERT INTO `tbMostrarPorta` (`idMostrarPorta`, `nomeMostrarPorta`, `ativoMostrarPorta`) VALUES
(1, 'vidro', 1),
(2, 'madeira', 1),
(3, 'madeira / vidro', 1),
(4, 'outros', 1);

-- --------------------------------------------------------

--
-- Estrutura da tabela `tbMostrarProduto`
--

CREATE TABLE `tbMostrarProduto` (
  `idMostrarProduto` int(11) NOT NULL,
  `nomeMostrarProduto` int(11) DEFAULT NULL,
  `gavetaMostrarProduto` int(11) DEFAULT NULL,
  `rodaMostrarProduto` int(11) DEFAULT NULL,
  `portaMostrarProduto` int(11) DEFAULT NULL,
  `forroCadeiraMostrarProduto` int(11) DEFAULT NULL COMMENT '0 - nao tem\r\n1 - Tecido\r\n2 - Sintentico',
  `peMostrarProduto` int(11) DEFAULT NULL,
  `estruturaMovelMostrarProduto` int(11) DEFAULT NULL,
  `arrumacaoSofaMostrarProduto` int(11) DEFAULT NULL,
  `eletricoMostrarProduto` int(11) DEFAULT NULL,
  `conjuntoMesaMostrarProduto` int(11) DEFAULT NULL,
  `producaoMostrarProduto` int(11) DEFAULT NULL,
  `producaoOutraMedidaMostrarProduto` int(11) DEFAULT NULL,
  `massagemMostrarProduto` int(11) DEFAULT NULL,
  `fazCamaSofaMostrarProduto` int(11) DEFAULT NULL,
  `numeroSofaLugarMostrarProduto` int(11) DEFAULT NULL,
  `encostoSofaMostrarProduto` int(11) DEFAULT NULL,
  `revestimentoSofaMostrarProduto` int(11) DEFAULT NULL,
  `balaicoSofaMostrarProduto` int(11) DEFAULT NULL,
  `giratorioSofaMostrarProduto` int(11) DEFAULT NULL,
  `descrevaMostrarProduto` text DEFAULT NULL,
  `puffBracoSofaMostrarProduto` int(11) DEFAULT NULL,
  `assentoCadeiraMostrarProduto` int(11) DEFAULT NULL COMMENT '1 - Madeira\r\n2 - Espuma\r\n3 - Ferro / aço',
  `cantoLinhaSofaMostrarProduto` int(11) DEFAULT NULL COMMENT '1 - canto\r\n2 - linha',
  `elevatorioMostrarProduto` int(11) DEFAULT NULL,
  `requerMontagemMostrarProduto` int(11) DEFAULT NULL,
  `chaiseLongSofaMostrarProduto` int(11) DEFAULT NULL,
  `chaiseLongSofaBauMostrarProduto` int(11) DEFAULT NULL,
  `chaiseLongSofaReversivelMostrarProduto` int(11) DEFAULT NULL,
  `numeroAssentoSofaMostrarProduto` int(11) DEFAULT NULL,
  `tipoProdutoMostrarProduto` int(11) DEFAULT NULL,
  `estruturaAssentoSofaMostrarProduto` int(11) DEFAULT NULL COMMENT '1 - Espuma\r\n2 - Mola',
  `tipoAssentoSofaMostrarProduto` int(11) DEFAULT NULL COMMENT '1 - Normal\r\n2 - Extensível\r\n3 - Relax',
  `modeloAssentoSofaMostrarProduto` int(11) DEFAULT NULL COMMENT '1 - Eletrico\r\n2 - Manual',
  `qtdRelaxSofaMostrarProduto` int(11) DEFAULT NULL,
  `tampoMesaMostrarProduto` int(11) DEFAULT NULL COMMENT '1 - Madeira\r\n2 - Vidro',
  `basePeMesaMostrarProduto` int(11) DEFAULT NULL COMMENT '1 - madeira\r\n2 - ferro / aco\r\n3 - plastico',
  `mesaEntensivelMostrarProduto` int(11) DEFAULT NULL,
  `qtdCadeiraConjuntoMesaMostrarProduto` int(11) DEFAULT NULL,
  `tipografiaColchaoMostrarProduto` int(11) DEFAULT NULL COMMENT '1 - Solteiro\r\n2 - Casal\r\n3 - Ambos',
  `alturaColchaoMostrarProduto` int(11) DEFAULT NULL,
  `tipoMolaColchaoMostrarProduto` int(11) DEFAULT NULL COMMENT '1 - Espuma\r\n2 - Mola continua\r\n3 - Mola borel\r\n4 - Ensacada',
  `adaptabilidadeColchaoMostrarProduto` int(11) DEFAULT NULL COMMENT '1 - Muito baixa\r\n2 - Baixa\r\n3 - Média\r\n4 - Alta\r\n5 - Muito alta',
  `firmezaColchaoMostrarProduto` int(11) DEFAULT NULL COMMENT '1 - Muito baixa\r\n2 - Baixa\r\n3 - Média\r\n4 - Alta\r\n5 - Muito alta',
  `frescuraColchaoMostrarProduto` int(11) DEFAULT NULL COMMENT '1 - Muito baixa\r\n2 - Baixa\r\n3 - Média\r\n4 - Alta\r\n5 - Muito alta',
  `respirabilidadeColchaoMostrarProduto` int(11) DEFAULT NULL COMMENT '1 - Muito baixa\r\n2 - Baixa\r\n3 - Média\r\n4 - Alta\r\n5 - Muito alta'
) ENGINE=InnoDB DEFAULT CHARSET=utf8mb4 COLLATE=utf8mb4_general_ci;

-- --------------------------------------------------------

--
-- Estrutura da tabela `tbMostrarRevestimentoSofa`
--

CREATE TABLE `tbMostrarRevestimentoSofa` (
  `idMostrarRevestimentoSofa` int(11) NOT NULL,
  `nomeMostrarRevestimentoSofa` varchar(50) NOT NULL,
  `ativoMostrarRevestimentoSofa` int(11) NOT NULL DEFAULT 1
) ENGINE=InnoDB DEFAULT CHARSET=utf8mb4 COLLATE=utf8mb4_general_ci;

--
-- Extraindo dados da tabela `tbMostrarRevestimentoSofa`
--

INSERT INTO `tbMostrarRevestimentoSofa` (`idMostrarRevestimentoSofa`, `nomeMostrarRevestimentoSofa`, `ativoMostrarRevestimentoSofa`) VALUES
(1, 'tecido', 1),
(2, 'microfibra', 1),
(3, 'ecopele', 1),
(4, 'pele natural 50%', 1),
(5, 'pele natural 100%', 1);

-- --------------------------------------------------------

--
-- Estrutura da tabela `tbMostrarTampoMesa`
--

CREATE TABLE `tbMostrarTampoMesa` (
  `idMostrarTampoMesa` int(11) NOT NULL,
  `nomeMostrarTampoMesa` varchar(50) NOT NULL,
  `ativoMostrarTampoMesa` int(11) NOT NULL DEFAULT 1
) ENGINE=InnoDB DEFAULT CHARSET=utf8mb4 COLLATE=utf8mb4_general_ci;

--
-- Extraindo dados da tabela `tbMostrarTampoMesa`
--

INSERT INTO `tbMostrarTampoMesa` (`idMostrarTampoMesa`, `nomeMostrarTampoMesa`, `ativoMostrarTampoMesa`) VALUES
(1, 'madeira', 1),
(2, 'vidro', 1);

-- --------------------------------------------------------

--
-- Estrutura da tabela `tbMostrarTipoAssentoSofa`
--

CREATE TABLE `tbMostrarTipoAssentoSofa` (
  `idMostrarTipoAssentoSofa` int(11) NOT NULL,
  `nomeMostrarTipoAssentoSofa` varchar(50) NOT NULL,
  `ativoMostrarTipoAssentoSofa` int(11) NOT NULL DEFAULT 1
) ENGINE=InnoDB DEFAULT CHARSET=utf8mb4 COLLATE=utf8mb4_general_ci;

--
-- Extraindo dados da tabela `tbMostrarTipoAssentoSofa`
--

INSERT INTO `tbMostrarTipoAssentoSofa` (`idMostrarTipoAssentoSofa`, `nomeMostrarTipoAssentoSofa`, `ativoMostrarTipoAssentoSofa`) VALUES
(1, 'mola', 1),
(2, 'espuma', 1),
(3, 'extensivel', 1),
(4, 'normal', 1),
(5, 'relax', 1);

-- --------------------------------------------------------

--
-- Estrutura da tabela `tbMostrarVolume`
--

CREATE TABLE `tbMostrarVolume` (
  `idMostrarVolume` int(11) NOT NULL,
  `idMostrarProdutoMostrarVolume` int(11) NOT NULL,
  `alturaMostrarVolume` varchar(11) NOT NULL,
  `comprimentoMostrarVolume` varchar(11) NOT NULL,
  `laguraMostrarVolume` varchar(11) NOT NULL,
  `pesoMostrarVolume` varchar(11) NOT NULL
) ENGINE=InnoDB DEFAULT CHARSET=utf8mb4 COLLATE=utf8mb4_general_ci;

-- --------------------------------------------------------

--
-- Estrutura da tabela `tbOcorrencia`
--

CREATE TABLE `tbOcorrencia` (
  `idOcorrencia` int(11) NOT NULL,
  `numeroEncomenda` varchar(13) NOT NULL,
  `assuntoOcorrencia` int(11) NOT NULL,
  `departamentoOcorrencia` int(11) NOT NULL,
  `dataCriacaoOcorrencia` date NOT NULL,
  `criadoPorLojaOcorrencia` int(11) NOT NULL,
  `ativoOcorrencia` int(11) NOT NULL,
  `estadoOcorrencia` int(11) NOT NULL,
  `feitoPorOcorrencia` int(11) DEFAULT NULL,
  `dataFeitoOcorrencia` date DEFAULT NULL,
  `obsfeitoOcorrencia` text DEFAULT NULL,
  `artigoOcorrencia` text DEFAULT NULL,
  `motivoOcorrencia` text DEFAULT NULL,
  `numeroTransferenciaOcorrencia` varchar(11) DEFAULT NULL,
  `tipoTransferenciaOcorrencia` int(11) DEFAULT NULL
) ENGINE=InnoDB DEFAULT CHARSET=utf8mb4 COLLATE=utf8mb4_general_ci;

-- --------------------------------------------------------

--
-- Estrutura da tabela `tbOrderCompra`
--

CREATE TABLE `tbOrderCompra` (
  `idOrderCompra` int(11) NOT NULL,
  `destinoOrderCompra` int(11) NOT NULL,
  `codOrderCompra` varchar(11) NOT NULL,
  `numeroOrcamentoOrderCompra` varchar(20) DEFAULT NULL,
  `dataCriacaoOrderCompra` date NOT NULL,
  `prioridadeOrderCompra` int(11) NOT NULL,
  `idSolicitanteOrderCompra` int(11) NOT NULL,
  `idFornecedorOrderCompra` int(11) NOT NULL,
  `valorNotaOrderCompra` double NOT NULL,
  `descricaoItemOrderCompra` varchar(255) NOT NULL,
  `descricaoOrderOrderCompra` text NOT NULL,
  `enviarEmailOrderCompra` int(11) DEFAULT 0,
  `emailEnviadoAoFornecedorOrderCompra` int(11) NOT NULL DEFAULT 0,
  `dataAprovacaoOrderCompra` date DEFAULT NULL,
  `idAprovadorOrderCompra` int(11) DEFAULT NULL,
  `textoAprovadorOrderCompra` text DEFAULT NULL,
  `aprovadoRejeitadoOrderCompra` int(11) DEFAULT NULL
) ENGINE=InnoDB DEFAULT CHARSET=utf8mb4 COLLATE=utf8mb4_general_ci;

--
-- Extraindo dados da tabela `tbOrderCompra`
--

INSERT INTO `tbOrderCompra` (`idOrderCompra`, `destinoOrderCompra`, `codOrderCompra`, `numeroOrcamentoOrderCompra`, `dataCriacaoOrderCompra`, `prioridadeOrderCompra`, `idSolicitanteOrderCompra`, `idFornecedorOrderCompra`, `valorNotaOrderCompra`, `descricaoItemOrderCompra`, `descricaoOrderOrderCompra`, `enviarEmailOrderCompra`, `emailEnviadoAoFornecedorOrderCompra`, `dataAprovacaoOrderCompra`, `idAprovadorOrderCompra`, `textoAprovadorOrderCompra`, `aprovadoRejeitadoOrderCompra`) VALUES
(1, 1, '25050001', '65421', '2025-06-03', 1, 1, 1, 49, 'Comprar mesa para o setor de TI', 'A mesa será usado para o novo colaborador que irá entrar no mes de agosto', 0, 0, NULL, NULL, NULL, NULL),
(2, 1, '25050002', '54242a', '2025-06-04', 1, 1, 1, 49, 'sdfsdffdsfsdf fdsfsdf fdsfsdf fdsfsdf fdsfsdf fdsfsdf ', 'fdsfsdf fdsfsdf fdsfsdf fdsfsdf fdsfsdf fdsfsdf fdsfsdf ', 0, 1, '2025-05-26', 1, 'ordem aprovada', 1),
(3, 1, '25050003', '5421', '2025-06-03', 1, 1, 1, 52, 'descricao do item a comprar', 'descricao de texto detalhado do que sera comprado', 0, 0, NULL, NULL, NULL, NULL);

-- --------------------------------------------------------

--
-- Estrutura da tabela `tbPedido`
--

CREATE TABLE `tbPedido` (
  `idPedido` int(11) NOT NULL,
  `lojaPedido` int(11) NOT NULL,
  `codProdutoPedido` text NOT NULL,
  `qtdPedido` int(11) NOT NULL,
  `dataCriadoPedido` date NOT NULL,
  `distrigalPedido` int(11) NOT NULL,
  `dataFeitoPedido` date DEFAULT NULL,
  `feitoPedido` int(11) NOT NULL DEFAULT 0,
  `feitoPorPedido` int(11) DEFAULT NULL
) ENGINE=InnoDB DEFAULT CHARSET=utf8mb4 COLLATE=utf8mb4_general_ci;

--
-- Extraindo dados da tabela `tbPedido`
--

INSERT INTO `tbPedido` (`idPedido`, `lojaPedido`, `codProdutoPedido`, `qtdPedido`, `dataCriadoPedido`, `distrigalPedido`, `dataFeitoPedido`, `feitoPedido`, `feitoPorPedido`) VALUES
(1, 1, '4651384651', 34, '2026-01-05', 0, NULL, 0, NULL);

-- --------------------------------------------------------

--
-- Estrutura da tabela `tbProduto`
--

CREATE TABLE `tbProduto` (
  `idProduto` int(11) NOT NULL,
  `nomeProduto` text NOT NULL,
  `descricaoProduto` text NOT NULL,
  `codProduto` varchar(30) NOT NULL,
  `imgProduto` text NOT NULL,
  `fornecedorProduto` int(11) NOT NULL,
  `familiaProduto` varchar(150) NOT NULL,
  `linhaProduto` int(11) NOT NULL,
  `distrigalProduto` int(11) NOT NULL DEFAULT 0
) ENGINE=InnoDB DEFAULT CHARSET=utf8mb4 COLLATE=utf8mb4_general_ci;

--
-- Extraindo dados da tabela `tbProduto`
--

INSERT INTO `tbProduto` (`idProduto`, `nomeProduto`, `descricaoProduto`, `codProduto`, `imgProduto`, `fornecedorProduto`, `familiaProduto`, `linhaProduto`, `distrigalProduto`) VALUES
(3, 'nome produto 1', 'Lorem ipsum dolor, sit amet consectetur adipisicing elit. Nisi molestiae ipsam praesentium labore non animi dolores aut dolor officia omnis eligendi inventore sunt eaque, iure repellat molestias excepturi nostrum aperiam', '4651384651', 'https://www.feiradossofas.pt/images/600-600-R/products/river_antonella3_lado.jpg?1', 1, '1', 1, 0),
(4, 'nome produto 2', 'Lorem ipsum dolor, sit amet consectetur adipisicing elit. Nisi molestiae ipsam praesentium labore non animi dolores aut dolor officia omnis eligendi inventore sunt eaque, iure repellat molestias excepturi nostrum aperiam', '1234567', 'https://www.feiradossofas.pt/images/600-600-R/products/super_pack_stilo_1.jpg?1', 1, '1', 1, 1);

-- --------------------------------------------------------

--
-- Estrutura da tabela `tbRemoverArtigo`
--

CREATE TABLE `tbRemoverArtigo` (
  `idRemoverArtigo` int(11) NOT NULL,
  `encomendaRemoverArtigo` varchar(13) NOT NULL,
  `criadoPorRemoverArtigo` int(11) NOT NULL,
  `artigoRemoverArtigo` text NOT NULL,
  `motivoRemoverArtigo` text NOT NULL,
  `dataCriacaoRemoverArtigo` date NOT NULL,
  `estadoRemoverArtigo` int(11) NOT NULL DEFAULT 0,
  `dataFeitoRemoverArtigo` date DEFAULT NULL,
  `feitoPorRemoverArtigo` int(11) DEFAULT NULL,
  `assuntoRemoverArtigo` int(11) NOT NULL
) ENGINE=InnoDB DEFAULT CHARSET=utf8mb4 COLLATE=utf8mb4_general_ci;

-- --------------------------------------------------------

--
-- Estrutura da tabela `tbSetor`
--

CREATE TABLE `tbSetor` (
  `idSetor` int(11) NOT NULL,
  `nomeSetor` varchar(50) NOT NULL
) ENGINE=InnoDB DEFAULT CHARSET=utf8mb4 COLLATE=utf8mb4_general_ci;

--
-- Extraindo dados da tabela `tbSetor`
--

INSERT INTO `tbSetor` (`idSetor`, `nomeSetor`) VALUES
(1, 'adm'),
(2, 'financeiro');

-- --------------------------------------------------------

--
-- Estrutura da tabela `tbSubModulo`
--

CREATE TABLE `tbSubModulo` (
  `idSubModulo` int(11) NOT NULL,
  `nomeSubModulo` varchar(150) NOT NULL,
  `ativoSubModulo` int(11) NOT NULL DEFAULT 1
) ENGINE=InnoDB DEFAULT CHARSET=utf8mb4 COLLATE=utf8mb4_general_ci;

--
-- Extraindo dados da tabela `tbSubModulo`
--

INSERT INTO `tbSubModulo` (`idSubModulo`, `nomeSubModulo`, `ativoSubModulo`) VALUES
(1, 'subModuloPorta.php', 1),
(2, 'subModulope.php', 1),
(3, 'subModuloRevestimento.php', 1),
(4, 'subModuloAssentoSofa.php', 1),
(5, 'subModuloPotenciaW.php', 1),
(6, 'subModuloCapacidade.php', 1),
(7, 'subModuloGiratorio.php', 1),
(8, 'subModuloGaveta.php', 1),
(9, 'subModuloProducao.php', 1),
(10, 'subModuloVolume.php', 1),
(11, 'subModuloRequerMontagem.php', 1),
(12, 'subModuloEstruturaMovel.php', 1),
(13, 'subModuloFoto.php', 1),
(14, '--subModuloPreço.php', 0),
(15, 'subModuloDescricao.php', 1),
(16, '--subModuloSalvar.php', 0),
(17, '--subModuloAssentoCadeira.php', 0);

-- --------------------------------------------------------

--
-- Estrutura da tabela `tbTipoMola`
--

CREATE TABLE `tbTipoMola` (
  `idTipoMola` int(11) NOT NULL,
  `nomeTipoMola` varchar(50) NOT NULL,
  `ativoTipoMola` int(11) NOT NULL DEFAULT 1
) ENGINE=InnoDB DEFAULT CHARSET=utf8mb4 COLLATE=utf8mb4_general_ci;

--
-- Extraindo dados da tabela `tbTipoMola`
--

INSERT INTO `tbTipoMola` (`idTipoMola`, `nomeTipoMola`, `ativoTipoMola`) VALUES
(1, 'espuma', 1),
(2, 'mola continua', 1),
(3, 'mola ensacada', 1),
(4, 'mola borel', 1);

-- --------------------------------------------------------

--
-- Estrutura da tabela `tbTipoProduto`
--

CREATE TABLE `tbTipoProduto` (
  `idTipoProduto` int(11) NOT NULL,
  `nomeTipoProduto` varchar(20) NOT NULL,
  `ativoTipoProduto` int(11) NOT NULL DEFAULT 1
) ENGINE=InnoDB DEFAULT CHARSET=utf8mb4 COLLATE=utf8mb4_general_ci;

--
-- Extraindo dados da tabela `tbTipoProduto`
--

INSERT INTO `tbTipoProduto` (`idTipoProduto`, `nomeTipoProduto`, `ativoTipoProduto`) VALUES
(1, 'sofa', 1),
(2, 'cama', 1),
(3, 'cadeira', 1),
(4, 'mesa', 1);

-- --------------------------------------------------------

--
-- Estrutura da tabela `tbTransferencia`
--

CREATE TABLE `tbTransferencia` (
  `idTransferencia` int(11) NOT NULL,
  `tipoTransferencia` int(11) NOT NULL,
  `numeroTransferenciaTransferencia` varchar(13) DEFAULT NULL,
  `encomedaTransferencia` varchar(13) DEFAULT NULL,
  `lojaTransferencia` int(11) NOT NULL,
  `artigoTransferencia` text NOT NULL,
  `criadoEmTransferencia` date NOT NULL,
  `criadoPorTransferencia` int(11) NOT NULL,
  `estadoTransferencia` int(11) NOT NULL DEFAULT 0,
  `feitoPorTransferencia` int(11) DEFAULT NULL,
  `finalizadoEmTransferencia` date DEFAULT NULL
) ENGINE=InnoDB DEFAULT CHARSET=utf8mb4 COLLATE=utf8mb4_general_ci;

-- --------------------------------------------------------

--
-- Estrutura da tabela `tbUser`
--

CREATE TABLE `tbUser` (
  `idUser` int(11) NOT NULL,
  `nomeUser` varchar(50) NOT NULL,
  `classeUser` int(11) NOT NULL,
  `departamentoUser` int(11) DEFAULT NULL,
  `cargoUser` int(11) DEFAULT NULL,
  `lojaUser` int(11) DEFAULT NULL,
  `passUser` varchar(64) NOT NULL,
  `loginUser` varchar(50) NOT NULL,
  `dataCriacaoUser` date NOT NULL,
  `emailUser` varchar(150) DEFAULT NULL,
  `ativoUser` int(11) NOT NULL DEFAULT 1,
  `receberEmailUser` int(11) NOT NULL DEFAULT 0
) ENGINE=InnoDB DEFAULT CHARSET=utf8mb4 COLLATE=utf8mb4_general_ci;

--
-- Extraindo dados da tabela `tbUser`
--

INSERT INTO `tbUser` (`idUser`, `nomeUser`, `classeUser`, `departamentoUser`, `cargoUser`, `lojaUser`, `passUser`, `loginUser`, `dataCriacaoUser`, `emailUser`, `ativoUser`, `receberEmailUser`) VALUES
(1, 'adminUser', 1, NULL, NULL, NULL, 'a665a45920422f9d417e4867efdc4fb8a04a1f3fff1fa07e998e86f7f7a27ae3', 'adminUser', '2025-05-26', 'henryckgarcia@gmail.com', 1, 1),
(2, 'eu mesmo', 2, NULL, NULL, NULL, 'a665a45920422f9d417e4867efdc4fb8a04a1f3fff1fa07e998e86f7f7a27ae3', 'garcia', '2025-05-26', 'henryckgarcia@gmail.com', 1, 0),
(3, 'joaozinho', 5, NULL, NULL, NULL, 'a665a45920422f9d417e4867efdc4fb8a04a1f3fff1fa07e998e86f7f7a27ae3', 'adminUser1', '2025-05-26', 'henryckgarcia@gmail.com', 1, 1),
(4, 'dsfsfs', 1, NULL, NULL, NULL, 'a1cb98f731b011c6a977e3369666ff89ea4175554457d29a8d0ab2ab45814997', 'fsfs', '2025-06-04', 'fsfsfs', 1, 0),
(5, 'Recursos Humanos', 4, NULL, NULL, NULL, 'a665a45920422f9d417e4867efdc4fb8a04a1f3fff1fa07e998e86f7f7a27ae3', 'RecursoHumano', '2025-08-04', 'fsfsfs', 1, 0);

--
-- Índices para tabelas despejadas
--

--
-- Índices para tabela `tbAnulacao`
--
ALTER TABLE `tbAnulacao`
  ADD PRIMARY KEY (`idAnulacao`),
  ADD KEY `idx_encomendaAnulacao` (`encomendaAnulacao`),
  ADD KEY `idx_ativoAnulacao` (`ativoAnulacao`),
  ADD KEY `idx_criadoPorAnulacao` (`criadoPorAnulacao`),
  ADD KEY `idx_estadoAnulacao` (`estadoAnulacao`),
  ADD KEY `idx_anuladoPorAnulacao` (`anuladoPorAnulacao`);

--
-- Índices para tabela `tbAssunto`
--
ALTER TABLE `tbAssunto`
  ADD PRIMARY KEY (`idAssunto`);

--
-- Índices para tabela `tbAssuntoDepartamento`
--
ALTER TABLE `tbAssuntoDepartamento`
  ADD PRIMARY KEY (`idAssuntoDepartamento`);

--
-- Índices para tabela `tbCargo`
--
ALTER TABLE `tbCargo`
  ADD PRIMARY KEY (`idCargo`),
  ADD KEY `idx_departamentoCargo` (`departamentoCargo`),
  ADD KEY `idx_nomeCargo` (`nomeCargo`),
  ADD KEY `idx_ativoCargo` (`ativoCargo`);

--
-- Índices para tabela `tbClasse`
--
ALTER TABLE `tbClasse`
  ADD PRIMARY KEY (`idClasse`);

--
-- Índices para tabela `tbDepartamento`
--
ALTER TABLE `tbDepartamento`
  ADD PRIMARY KEY (`idDepartamento`),
  ADD KEY `idx_ativoDepartamento` (`ativoDepartamento`);

--
-- Índices para tabela `tbEncomendas`
--
ALTER TABLE `tbEncomendas`
  ADD PRIMARY KEY (`idEncomendas`);

--
-- Índices para tabela `tbFormacao`
--
ALTER TABLE `tbFormacao`
  ADD PRIMARY KEY (`idFormacao`),
  ADD KEY `idx_codFuncionarioFormacao` (`codFuncionarioFormacao`),
  ADD KEY `idx_codFormacaoNomeFormacao` (`codFormacaoNomeFormacao`),
  ADD KEY `idx_codLocalFormacao` (`codLocalFormacao`);

--
-- Índices para tabela `tbFormacaoLocal`
--
ALTER TABLE `tbFormacaoLocal`
  ADD PRIMARY KEY (`idFormacaoLocal`);

--
-- Índices para tabela `tbFormacaoNome`
--
ALTER TABLE `tbFormacaoNome`
  ADD PRIMARY KEY (`idFormacaoNome`);

--
-- Índices para tabela `tbFornecedor`
--
ALTER TABLE `tbFornecedor`
  ADD PRIMARY KEY (`idFornecedor`),
  ADD KEY `idx_ativoFornecedor` (`ativoFornecedor`);

--
-- Índices para tabela `tbFuncionario`
--
ALTER TABLE `tbFuncionario`
  ADD PRIMARY KEY (`idFuncionario`),
  ADD KEY `idx_lojaFuncionario` (`lojaFuncionario`);

--
-- Índices para tabela `tbLojas`
--
ALTER TABLE `tbLojas`
  ADD PRIMARY KEY (`idLoja`),
  ADD KEY `idx_ativoLoja` (`ativoLoja`);

--
-- Índices para tabela `tbModulo`
--
ALTER TABLE `tbModulo`
  ADD PRIMARY KEY (`idModulo`),
  ADD KEY `idx_departamentoModulo` (`departamentoModulo`),
  ADD KEY `idx_ativoModulo` (`ativoModulo`);

--
-- Índices para tabela `tbMostrarBaseMesa`
--
ALTER TABLE `tbMostrarBaseMesa`
  ADD PRIMARY KEY (`idMostrarBaseMesa`);

--
-- Índices para tabela `tbMostrarDepartamento`
--
ALTER TABLE `tbMostrarDepartamento`
  ADD PRIMARY KEY (`idMostrarDepartamento`);

--
-- Índices para tabela `tbMostrarEstruturaMovel`
--
ALTER TABLE `tbMostrarEstruturaMovel`
  ADD PRIMARY KEY (`idMostrarEstruturaMovel`);

--
-- Índices para tabela `tbMostrarPe`
--
ALTER TABLE `tbMostrarPe`
  ADD PRIMARY KEY (`idMostrarPe`);

--
-- Índices para tabela `tbMostrarPorta`
--
ALTER TABLE `tbMostrarPorta`
  ADD PRIMARY KEY (`idMostrarPorta`);

--
-- Índices para tabela `tbMostrarProduto`
--
ALTER TABLE `tbMostrarProduto`
  ADD PRIMARY KEY (`idMostrarProduto`);

--
-- Índices para tabela `tbMostrarRevestimentoSofa`
--
ALTER TABLE `tbMostrarRevestimentoSofa`
  ADD PRIMARY KEY (`idMostrarRevestimentoSofa`);

--
-- Índices para tabela `tbMostrarTampoMesa`
--
ALTER TABLE `tbMostrarTampoMesa`
  ADD PRIMARY KEY (`idMostrarTampoMesa`);

--
-- Índices para tabela `tbMostrarTipoAssentoSofa`
--
ALTER TABLE `tbMostrarTipoAssentoSofa`
  ADD PRIMARY KEY (`idMostrarTipoAssentoSofa`);

--
-- Índices para tabela `tbMostrarVolume`
--
ALTER TABLE `tbMostrarVolume`
  ADD PRIMARY KEY (`idMostrarVolume`);

--
-- Índices para tabela `tbOcorrencia`
--
ALTER TABLE `tbOcorrencia`
  ADD PRIMARY KEY (`idOcorrencia`);

--
-- Índices para tabela `tbOrderCompra`
--
ALTER TABLE `tbOrderCompra`
  ADD PRIMARY KEY (`idOrderCompra`),
  ADD KEY `idx_idFornecedorOrderCompra` (`idFornecedorOrderCompra`),
  ADD KEY `idx_prioridadeOrderCompra` (`prioridadeOrderCompra`),
  ADD KEY `idx_dataCriacaoOrderCompra` (`dataCriacaoOrderCompra`),
  ADD KEY `idx_aprovadoRejeitadoOrderCompra` (`aprovadoRejeitadoOrderCompra`),
  ADD KEY `idx_idAprovadorOrderCompra` (`idAprovadorOrderCompra`),
  ADD KEY `idx_dataAprovacaoOrderCompra` (`dataAprovacaoOrderCompra`),
  ADD KEY `idx_codOrderCompra` (`codOrderCompra`),
  ADD KEY `idx_idSolicitanteOrderCompra` (`idSolicitanteOrderCompra`),
  ADD KEY `idx_enviarEmailOrderCompra` (`enviarEmailOrderCompra`),
  ADD KEY `idx_emailEnviadoAoFornecedorOrderCompra` (`emailEnviadoAoFornecedorOrderCompra`);

--
-- Índices para tabela `tbPedido`
--
ALTER TABLE `tbPedido`
  ADD PRIMARY KEY (`idPedido`);

--
-- Índices para tabela `tbProduto`
--
ALTER TABLE `tbProduto`
  ADD PRIMARY KEY (`idProduto`),
  ADD KEY `idx_codProduto` (`codProduto`);

--
-- Índices para tabela `tbRemoverArtigo`
--
ALTER TABLE `tbRemoverArtigo`
  ADD PRIMARY KEY (`idRemoverArtigo`),
  ADD KEY `idx_encomendaRemoverArtigo` (`encomendaRemoverArtigo`),
  ADD KEY `idx_estadoRemoverArtigo` (`estadoRemoverArtigo`),
  ADD KEY `idx_feitoPorRemoverArtigo` (`feitoPorRemoverArtigo`),
  ADD KEY `idx_dataFeitoRemoverArtigo` (`dataFeitoRemoverArtigo`),
  ADD KEY `idx_criadoPorRemoverArtigo` (`criadoPorRemoverArtigo`);

--
-- Índices para tabela `tbSetor`
--
ALTER TABLE `tbSetor`
  ADD PRIMARY KEY (`idSetor`);

--
-- Índices para tabela `tbSubModulo`
--
ALTER TABLE `tbSubModulo`
  ADD PRIMARY KEY (`idSubModulo`);

--
-- Índices para tabela `tbTipoMola`
--
ALTER TABLE `tbTipoMola`
  ADD PRIMARY KEY (`idTipoMola`);

--
-- Índices para tabela `tbTipoProduto`
--
ALTER TABLE `tbTipoProduto`
  ADD PRIMARY KEY (`idTipoProduto`);

--
-- Índices para tabela `tbTransferencia`
--
ALTER TABLE `tbTransferencia`
  ADD PRIMARY KEY (`idTransferencia`),
  ADD KEY `idx_numeroTransferenciaTransferencia` (`numeroTransferenciaTransferencia`),
  ADD KEY `idx_tipoTransferencia` (`tipoTransferencia`),
  ADD KEY `idx_encomedaTransferencia` (`encomedaTransferencia`),
  ADD KEY `idx_lojaTransferencia` (`lojaTransferencia`),
  ADD KEY `idx_criadoPorTransferencia` (`criadoPorTransferencia`),
  ADD KEY `idx_estadoTransferencia` (`estadoTransferencia`),
  ADD KEY `idx_feitoPorTransferencia` (`feitoPorTransferencia`);

--
-- Índices para tabela `tbUser`
--
ALTER TABLE `tbUser`
  ADD PRIMARY KEY (`idUser`),
  ADD KEY `idx_ativoUser` (`ativoUser`),
  ADD KEY `idx_classeUser` (`classeUser`) USING BTREE;

--
-- AUTO_INCREMENT de tabelas despejadas
--

--
-- AUTO_INCREMENT de tabela `tbAnulacao`
--
ALTER TABLE `tbAnulacao`
  MODIFY `idAnulacao` int(11) NOT NULL AUTO_INCREMENT;

--
-- AUTO_INCREMENT de tabela `tbAssunto`
--
ALTER TABLE `tbAssunto`
  MODIFY `idAssunto` int(11) NOT NULL AUTO_INCREMENT, AUTO_INCREMENT=6;

--
-- AUTO_INCREMENT de tabela `tbAssuntoDepartamento`
--
ALTER TABLE `tbAssuntoDepartamento`
  MODIFY `idAssuntoDepartamento` int(11) NOT NULL AUTO_INCREMENT, AUTO_INCREMENT=5;

--
-- AUTO_INCREMENT de tabela `tbCargo`
--
ALTER TABLE `tbCargo`
  MODIFY `idCargo` int(11) NOT NULL AUTO_INCREMENT, AUTO_INCREMENT=15;

--
-- AUTO_INCREMENT de tabela `tbClasse`
--
ALTER TABLE `tbClasse`
  MODIFY `idClasse` int(11) NOT NULL AUTO_INCREMENT, AUTO_INCREMENT=6;

--
-- AUTO_INCREMENT de tabela `tbDepartamento`
--
ALTER TABLE `tbDepartamento`
  MODIFY `idDepartamento` int(11) NOT NULL AUTO_INCREMENT, AUTO_INCREMENT=7;

--
-- AUTO_INCREMENT de tabela `tbEncomendas`
--
ALTER TABLE `tbEncomendas`
  MODIFY `idEncomendas` int(11) NOT NULL AUTO_INCREMENT;

--
-- AUTO_INCREMENT de tabela `tbFormacao`
--
ALTER TABLE `tbFormacao`
  MODIFY `idFormacao` int(11) NOT NULL AUTO_INCREMENT, AUTO_INCREMENT=1237;

--
-- AUTO_INCREMENT de tabela `tbFormacaoLocal`
--
ALTER TABLE `tbFormacaoLocal`
  MODIFY `idFormacaoLocal` int(11) NOT NULL AUTO_INCREMENT, AUTO_INCREMENT=10;

--
-- AUTO_INCREMENT de tabela `tbFormacaoNome`
--
ALTER TABLE `tbFormacaoNome`
  MODIFY `idFormacaoNome` int(11) NOT NULL AUTO_INCREMENT, AUTO_INCREMENT=34;

--
-- AUTO_INCREMENT de tabela `tbFornecedor`
--
ALTER TABLE `tbFornecedor`
  MODIFY `idFornecedor` int(11) NOT NULL AUTO_INCREMENT, AUTO_INCREMENT=2;

--
-- AUTO_INCREMENT de tabela `tbFuncionario`
--
ALTER TABLE `tbFuncionario`
  MODIFY `idFuncionario` int(11) NOT NULL AUTO_INCREMENT, AUTO_INCREMENT=310;

--
-- AUTO_INCREMENT de tabela `tbLojas`
--
ALTER TABLE `tbLojas`
  MODIFY `idLoja` int(11) NOT NULL AUTO_INCREMENT, AUTO_INCREMENT=36;

--
-- AUTO_INCREMENT de tabela `tbModulo`
--
ALTER TABLE `tbModulo`
  MODIFY `idModulo` int(11) NOT NULL AUTO_INCREMENT, AUTO_INCREMENT=24;

--
-- AUTO_INCREMENT de tabela `tbMostrarBaseMesa`
--
ALTER TABLE `tbMostrarBaseMesa`
  MODIFY `idMostrarBaseMesa` int(11) NOT NULL AUTO_INCREMENT, AUTO_INCREMENT=4;

--
-- AUTO_INCREMENT de tabela `tbMostrarDepartamento`
--
ALTER TABLE `tbMostrarDepartamento`
  MODIFY `idMostrarDepartamento` int(11) NOT NULL AUTO_INCREMENT, AUTO_INCREMENT=7;

--
-- AUTO_INCREMENT de tabela `tbMostrarEstruturaMovel`
--
ALTER TABLE `tbMostrarEstruturaMovel`
  MODIFY `idMostrarEstruturaMovel` int(11) NOT NULL AUTO_INCREMENT, AUTO_INCREMENT=7;

--
-- AUTO_INCREMENT de tabela `tbMostrarPe`
--
ALTER TABLE `tbMostrarPe`
  MODIFY `idMostrarPe` int(11) NOT NULL AUTO_INCREMENT, AUTO_INCREMENT=5;

--
-- AUTO_INCREMENT de tabela `tbMostrarPorta`
--
ALTER TABLE `tbMostrarPorta`
  MODIFY `idMostrarPorta` int(11) NOT NULL AUTO_INCREMENT, AUTO_INCREMENT=5;

--
-- AUTO_INCREMENT de tabela `tbMostrarProduto`
--
ALTER TABLE `tbMostrarProduto`
  MODIFY `idMostrarProduto` int(11) NOT NULL AUTO_INCREMENT;

--
-- AUTO_INCREMENT de tabela `tbMostrarRevestimentoSofa`
--
ALTER TABLE `tbMostrarRevestimentoSofa`
  MODIFY `idMostrarRevestimentoSofa` int(11) NOT NULL AUTO_INCREMENT, AUTO_INCREMENT=6;

--
-- AUTO_INCREMENT de tabela `tbMostrarTampoMesa`
--
ALTER TABLE `tbMostrarTampoMesa`
  MODIFY `idMostrarTampoMesa` int(11) NOT NULL AUTO_INCREMENT, AUTO_INCREMENT=3;

--
-- AUTO_INCREMENT de tabela `tbMostrarTipoAssentoSofa`
--
ALTER TABLE `tbMostrarTipoAssentoSofa`
  MODIFY `idMostrarTipoAssentoSofa` int(11) NOT NULL AUTO_INCREMENT, AUTO_INCREMENT=6;

--
-- AUTO_INCREMENT de tabela `tbMostrarVolume`
--
ALTER TABLE `tbMostrarVolume`
  MODIFY `idMostrarVolume` int(11) NOT NULL AUTO_INCREMENT;

--
-- AUTO_INCREMENT de tabela `tbOcorrencia`
--
ALTER TABLE `tbOcorrencia`
  MODIFY `idOcorrencia` int(11) NOT NULL AUTO_INCREMENT;

--
-- AUTO_INCREMENT de tabela `tbOrderCompra`
--
ALTER TABLE `tbOrderCompra`
  MODIFY `idOrderCompra` int(11) NOT NULL AUTO_INCREMENT, AUTO_INCREMENT=4;

--
-- AUTO_INCREMENT de tabela `tbPedido`
--
ALTER TABLE `tbPedido`
  MODIFY `idPedido` int(11) NOT NULL AUTO_INCREMENT, AUTO_INCREMENT=2;

--
-- AUTO_INCREMENT de tabela `tbProduto`
--
ALTER TABLE `tbProduto`
  MODIFY `idProduto` int(11) NOT NULL AUTO_INCREMENT, AUTO_INCREMENT=5;

--
-- AUTO_INCREMENT de tabela `tbRemoverArtigo`
--
ALTER TABLE `tbRemoverArtigo`
  MODIFY `idRemoverArtigo` int(11) NOT NULL AUTO_INCREMENT;

--
-- AUTO_INCREMENT de tabela `tbSetor`
--
ALTER TABLE `tbSetor`
  MODIFY `idSetor` int(11) NOT NULL AUTO_INCREMENT, AUTO_INCREMENT=3;

--
-- AUTO_INCREMENT de tabela `tbSubModulo`
--
ALTER TABLE `tbSubModulo`
  MODIFY `idSubModulo` int(11) NOT NULL AUTO_INCREMENT, AUTO_INCREMENT=18;

--
-- AUTO_INCREMENT de tabela `tbTipoMola`
--
ALTER TABLE `tbTipoMola`
  MODIFY `idTipoMola` int(11) NOT NULL AUTO_INCREMENT, AUTO_INCREMENT=5;

--
-- AUTO_INCREMENT de tabela `tbTipoProduto`
--
ALTER TABLE `tbTipoProduto`
  MODIFY `idTipoProduto` int(11) NOT NULL AUTO_INCREMENT, AUTO_INCREMENT=5;

--
-- AUTO_INCREMENT de tabela `tbTransferencia`
--
ALTER TABLE `tbTransferencia`
  MODIFY `idTransferencia` int(11) NOT NULL AUTO_INCREMENT;

--
-- AUTO_INCREMENT de tabela `tbUser`
--
ALTER TABLE `tbUser`
  MODIFY `idUser` int(11) NOT NULL AUTO_INCREMENT, AUTO_INCREMENT=6;
COMMIT;

/*!40101 SET CHARACTER_SET_CLIENT=@OLD_CHARACTER_SET_CLIENT */;
/*!40101 SET CHARACTER_SET_RESULTS=@OLD_CHARACTER_SET_RESULTS */;
/*!40101 SET COLLATION_CONNECTION=@OLD_COLLATION_CONNECTION */;
